Codigo;Nome;Descrição;unidade_medida;estoque_atual;estoque_minimo
MC-13593;ACABAMENTO INJETADO PP DO PARAFUSO (PP VIRGEM);;UN;0;0
MC-10356;LATERAL DO PE DE VELA SEXTAVADO - DIREITO;;UN;0;0
MC-12643;ESCOVA DISSIPATIVA FIBRA DE CARBONO 520MM;;UN;0;0
MC-13324;MANIPLO DE ALUMINIO REGULAGEM MAIOR 109MM (88977);;UN;0;0
MC-13322;MANIPLO DE ALUMINIO REGULAGEM MENOR (88978);;UN;0;0
MC-13325;MANIPLO DE ALUMINIO REGULAGEM PEITORAL DORSAL (88976);;UN;0;0
MC-12428;MANIPLO DE REGULAGEM PEITORAL DORSAL;;UN;0;0
MC-13097;MOLA A GAS SIMPLES AMORTECEDOR 10KGS;;UN;0;0
MC-13554;MOLA LF200 - COD.241.01.1447;;UN;0;0
MC-10562;PAR CAPA DE MANOPLA DO CONTROLE DA ESCADA;;UN;0;0
MC-11814;PÉ NIVELADOR P/MOVEIS OITAVADO PRETO 1/4X16MM;;UN;0;0
MC-13321;"REGULADOR DE PESO EM ""T"" ALUMINIO C/IMA E ESPIRAL 9MM ";;UN;0;0
MC-12426;"REGULADOR DE PESO EM ""T"" C/IMA E ESPIRAL 9MM";;UN;0;0
MC-12971;TELA SOLDADA 50X50X5X4000X2000 - REABILITACAO;;UN;0;0
MC-10355;LATERAL DO PE DE VELA SEXTAVADO - ESQUERDO;;UN;0;0
MC-13268;BANCO LF 480 - MODELO NOVO (GTA);;UN;0;0
MC-13232;BUCHA TPU COMPENSADORA DO PILLOW (021110125);;UN;0;0
MC-751;MANIPLO M10 - FÊMEA;;UN;0;0
MC-655;FIRMA PE DE NYLON COM FIVELAS 480/500;;UN;0;0
MC-620;PEDAL LF 480/500 (AL/AL 9/16);;UN;0;0
MC-12356;PUXADOR C/ TRAVA DA BIKE MANIPLO ESPECIAL M20 (NOVO);;UN;0;0
MC-9730;SILICONE SILIBRILL SPEED HP-MIX - 500ml COD.163;;UN;0;0
MC-13226;EMENDA DE CORRENTE 1/2 X 1/8;;UN;0;0
MC-12107;PORTA COPO PRETO+CELULAR (GARRAFEIRO);;UN;0;0
MC-1970;TERMINAL DA ANILHA CABO DE AÇO;;UN;0;0
MC-1244;CARRINHO DO BANCO LF 300/480;;UN;0;0
MC-2877;CABO DE AÇO FINO (CABO DE CAMBIO TRAS. MTB 1,2X2000MM);;UN;0;0
MC-1601;COURO DE AMORTECEDOR DA LF 480;;UN;0;0
MC-3184;ESTICADOR DE CORREIA ;;UN;0;0
MC-1537;PORCA LATÃO DO FREIO LF 480 (021102585);;UN;0;0
MC-12379;PEDAL BIKE ERGOMETRICA LF 450 (AL 9/16 PRETO) ;;UN;0;0
MC-752;MANIPLO M10X25MM - MACHO;;UN;0;0
MC-13004;CORRENTE 1/2 X 1/8 X 1 1/4 - C410 - PTO;;UN;0;0
MC-10548;CORRENTE MONTADA RC 40 DIVS 2,5MTS;;UN;0;0
MC-1633;CABO DE ACO MUSCULACAO 1/8;;UN;0;0
MC-10918;"MANGUEIRA CRISTAL 1/4"" X 1,5MM ";;UN;0;0
MC-10348;EMENDA DE CORRENTE CL 40 DIVS.;;UN;0;0
MC-12761;ANDADOR 2 BARRAS DOBRAVEL - 120KGS;;UN;0;0
MC-12986;TELA EXPANDIDA 8400X1200X6 - RODA AIR BIKE;;UN;0;0
MC-372;MOSQUETÃO 9x90;;UN;0;0
MC-11864;FITA KRAFT 48X50;;UN;0;0
MC-1340;MOLA DO FREIO LF 480 (021104163);;UN;0;0
MC-12534;MOLA COMPRESSAO AR 2 X INT. 25 X COMP. 40 - PEGADA ;;UN;0;0
MC-1365;SAPATA DO FREIO LF 480;;UN;0;0
MC-1765;ANILHA DO CABO DE AÇO;;UN;0;0
MC-12429;MANIPLO DE REGULAGEM MENOR;;UN;0;0
MC-12530;MOLA A GAS SIMPLES AMORTECEDOR 52KGS ;;UN;0;0
MC-12454;MOLA DE TORCAO ESTEIRA FISIO ;;UN;0;0
MC-1809;SAPATILHA GALVANIZADA TIPO LEVE 1/4'';;UN;0;0
MC-12440;CAPA PISANTE PARA TUBO OBLONGO 98X50 - FT0494;;UN;0;0
MC-12653;MOLA DA CAMA ELÁSTICA KAYAK;;UN;0;0
MC-12453;MOLA DE TORCAO ESTEIRA FISIO LD ESQUERDO;;UN;0;0
MC-12378;MOLA DE TORCAO LF 450;;UN;0;0
MC-12452;MOLA DE TORCAO ESTEIRA FISIO LD DIREITO;;UN;0;0
MC-13089;MOLA DE COMPRESSAO 1,40X22,5X40 COMPRIMENTO - LF350;;UN;0;0
MC-1192;MOLA MÉDIA 1X14X65MM COD. 248.01.1192;;UN;0;0
MC-11137;APOIO TROLHAO ALUMINIO AMARELO (PEDALEIRA) COD.1221;;UN;0;0
MC-12522;SILICONE SILIBRILL SPEED HP-MIX GL 5 LT;;UN;0;0
MC-10346;CORRENTE RC 40 DIVS. COMP. 1,33MT;;UN;0;0
MC-12996;ADESIVO CARENAGEM ESCADA 40X40 QR CODE (46153);;UN;0;0
MC-12994;ADESIVO CARENAGEM ESTEIRA 70X70 QR CODE (46154);;UN;0;0
MC-12995;ADESIVO CARENAGEM GAIOLA 40X40 QR CODE (46150);;UN;0;0
MC-11811;ADESIVO ETIQUETA LION CLIMA LC100V (36475);;UN;0;0
MC-11805;ADESIVO ETIQUETA LION CLIMA LC30 (36469);;UN;0;0
MC-11809;ADESIVO ETIQUETA LION CLIMA LC50 (36473);;UN;0;0
MC-11810;ADESIVO ETIQUETA LION CLIMA LC70 (36474);;UN;0;0
MC-10379;ADESIVO FAIXA IRIDIUM 800X9MM PRATA (15182);;UN;0;0
MC-10746;ADESIVO FRONTAL LION BIKE/ELIPTICO (16993);;UN;0;0
MC-10075;ADESIVO FRONTAL LION LF200 MONITOR NOVO PRATA (15788) ;;UN;0;0
MC-11856;ADESIVO FRONTAL NEW CYCLE KIDS (37208) ;;UN;0;0
MC-8529;ADESIVO KIT FRONTAL E LION BRISA (8008);;UN;0;0
MC-9884;ADESIVO KIT LION LF-300 D/E AMARELO (12812);;UN;0;0
MC-9885;ADESIVO KIT LION LF-400 D/E AMARELO (12811) ;;UN;0;0
MC-10057;ADESIVO KIT LION LF-400 D/E PRATA (15798) ;;UN;0;0
MC-9887;ADESIVO LION KIT CAREN. LF-200 D/E AMARELO (12808);;UN;0;0
MC-9575;ADESIVO LION RECORTADO 238X48 PRETO (12013);;UN;0;0
MC-10409;ADESIVO LOGO LION (LFX) 240X50 PRATA (15160);;UN;0;0
MC-9991;ADESIVO OPTIMUS RECORTADO 420X48 PRATA (15813);;UN;0;0
MC-13411;ADESIVO PAINEL CONSOLE NOVO LF200 (49092);;UN;0;0
MC-11916;ADESIVO QR CODE NEW CYCLE KIDS (37735);;UN;0;0
MC-10267;ADESIVO REGUA PESO 15 A 110KGS (14299);;UN;0;0
MC-1270;ADESIVO TENSOR GRANDE (1354);;UN;0;0
MC-9822;ADESIVO TUBO DEITADO CABLE CROSS SMITH 272X86 (12169);;UN;0;0
MC-9274;ADESIVO LOGO LION RECORTADO 134X27 - PRATA (10578);;UN;0;0
MC-13431;ADESIVO LATERAL X4 I RECORTADO (48872);;UN;0;0
MC-1274;ADESIVO DE VOLTAGEM 220 VOLTZ (17451) VERMELHO;;UN;0;0
MC-10077;ADESIVO LION APROVADO FISIOTERAPIA (13573);;UN;0;0
MC-10917;ADESIVO LOGO LION REDONDO PRATA 110MM (15800);;UN;0;0
MC-13433;ADESIVO FRONTAL TECLADO VAZADO QUADRADO X4 I - 14 TECLAS ;;UN;0;0
MC-12451;ADESIVO KIT LATERAL BIKE HORIZONTAL (41654);;UN;0;0
MC-12368;ADESIVO FRONTAL  BIKE HORIZONTAL (41470);;UN;0;0
MC-1271;ADESIVO TENSOR PEQUENO (1716);;UN;0;0
MC-10890;ADESIVO RODA LION FITNESS LF-480 PRATA (15783);;UN;0;0
MC-13383;ADESIVO LION FEITO NO BRASIL BRANCO 40X40MM (49738);;UN;0;0
MC-9749;ADESIVO KIT LION ROTULO SILICONE (12502) (F/V) REV.02 ;;UN;0;0
MC-11597;ADESIVO FRONTAL TECLADO VAZADO QUADRADO X3 GT 13 ;;UN;0;0
MC-13432;ADESIVO FRONTAL SUPERIOR X4 I (48870) ;;UN;0;0
MC-11820;ADESIVO CARENAGEM SPINING LF-480C - (44798) PRATA;;UN;0;0
MC-9574;ADESIVO LION RECORTADO 238X48MM AMARELO (12014);;UN;0;0
MC-10778;ADESIVO LION VOLTAGEM 220V 80X8MM (16967);;UN;0;0
MC-10607;ADESIVO LION OVAL X6/X4 GT 95X35MM (16433);;UN;0;0
MC-10534;ADESIVO LATERAL X6-I RECORTADO PRATA (16176) ;;UN;0;0
MC-10758;ADESIVO FRONTAL SUPERIOR ESCADA PRETO (16969) ;;UN;0;0
MC-12367;ADESIVO FRONTAL TECLADO VAZADO QUADRADO BIKE ;;UN;0;0
MC-12872;ADESIVO KIT LION SE02 DIR./ESQ. PRETO/PRATA (47727)-SE02D;;UN;0;0
MC-11535;ADESIVO FRONTAL TECLADO VAZADO QUADRADO ESCADA PRETO ;;UN;0;0
MC-10968;ADESIVO FRONTAL SUPERIOR X4 GT (30911);;UN;0;0
MC-10969;ADESIVO LATERAL X4 GT RECORTADO PRATA (30909);;UN;0;0
MC-11400;ADESIVO FRONTAL TECLADO VAZADO QUADRADO ESCADA PRETO ;;UN;0;0
MC-11379;ADESIVO FRONTAL SUPERIOR ESCADA (33566) PAINEL TOUCH;;UN;0;0
MC-10748;ADESIVO KIT LOGO LION DIR./ESQ. PRETO/PRATA (16958);;UN;0;0
MC-11402;ADESIVO FRONTAL TECLADO QUADRADO VAZADO X6 PRETO ;;UN;0;0
MC-10730;ADESIVO ATENCAO PESSOAS COM PROBLEMAS (39485);;UN;0;0
MC-10533;ADESIVO LOGO LEAO ESCADA 151MM (16178);;UN;0;0
MC-10464;ADESIVO FRONTAL SUPERIOR X6 C/ INCLINACAO (15917) ;;UN;0;0
MC-9851;ADESIVO LOGO LION RECORTADO*** 134X27 - AMARELO (12076);;UN;0;0
MC-11401;ADESIVO FRONTAL TECLADO VAZADO QUADRADO X6 PRETO ;;UN;0;0
MC-12017;ADESIVO FRONTAL LED X6 (33821) PAINEL TOUCH;;UN;0;0
MC-11466;ADESIVO LOGO LION SE-01 47X30MM PRATA (33898);;UN;0;0
MC-10864;ADESIVO ETIQ. CUIDADO RISCO DE ESMAGAMENTO (30061);;UN;0;0
MC-13061;ADESIVO FRONTAL ESTEIRA KIDS FISIOTERAPIA 277X117 (47146);;UN;0;0
MC-10974;ADESIVO ETIQ. ATENCAO ESCADA (46324);;UN;0;0
MC-10465;ADESIVO FRONTAL SUPERIOR X6 S/ INCLINACAO (15918);;UN;0;0
MC-9998;ADESIVO LION RECORTADO 238X48MM PRATA (15781);;UN;0;0
MC-13133;ADESIVO FRONTAL TECLADO NEW CYCLO REABI. N6 (47418) - ;;UN;0;0
MC-13135;ADESIVO FRONTAL VISOR N6 NEW CYCLE (47420);;UN;0;0
MC-11596;ADESIVO FRONTAL SUPERIOR X3 GT (34523);;UN;0;0
MC-11266;ADESIVO KIT PAINEL AIR BIKE PRATA (32495);;UN;0;0
MC-13134;ADESIVO NEW CYCLE PEDALEIRA N6 (47419);;UN;0;0
MC-1269;ADESIVO NÃO SENTAR (16965);;UN;0;0
MC-10536;ADESIVO LION SE-01 RECORTADO 300X80MM PRATA (16179);;UN;0;0
MC-11376;ADESIVO LION RECORTADO AIR TRACTOR AMARELO (32433);;UN;0;0
MC-9628;ADESIVO CARENAGEM SPINING LF-480 AMARELA (31135);;UN;0;0
MC-11567;ADESIVO FRONTAL SUPERIOR NEW CYCLE TOUCH (34079);;UN;0;0
MC-13142;ADESIVO KIT LION LETRAS A A P (47608);;UN;0;0
MC-9734;ADESIVO LOGO LION REDONDO CLASSIC 111MM AMARELO (12158);;UN;0;0
MC-11565;ADESIVO LOGO NEW CYCLE 50,5X32,5MM PRATA (34067);;UN;0;0
MC-11568;ADESIVO NEW CYCLE PEDAL (34080);;UN;0;0
MC-11566;ADESIVO FRONTAL TECLADO NEW CYCLO REABI. (34078) - ;;UN;0;0
MC-9627;ADESIVO RODA LION FITNESS LF-480 AMARELA (12072);;UN;0;0
MC-10317;ADESIVO LION KIT CAREN. LF-200 D/E PRATA (15838);;UN;0;0
MC-11598;ADESIVO LATERAL X3 GT RECORTADO PRATA (34561) ;;UN;0;0
MC-10997;ADESIVO LION PATENTE REQUERIDA 53X69MM (31284)***;;UN;0;0
MC-13098;ADESIVO KIT LATERAL BIKE LF 350D (47384) ;;UN;0;0
MC-11561;ADESIVO FRONTAL SUPERIOR NEW CYCLE ESCADA PRETO (34120) ;;UN;0;0
MC-13141;ADESIVO KIT LION NUMEROS DE 01 A 29 (47607);;UN;0;0
MC-11563;ADESIVO LATERAL NEW CYCLE LION RECORTADO 300X80MM (34065);;UN;0;0
MC-9275;ADESIVO LOGO LION RECORTADO 134X27 - PRETO (10580);;UN;0;0
MC-11562;ADESIVO FRONTAL NEW CYCLE TECLADO VAZADO ESCADA (34064) -;;UN;0;0
MC-11564;ADESIVO LOGO LEAO NEW CYCLE ESCADA 151MM (34068) ;;UN;0;0
MC-13386;AD. LOGO LION CLIMA NOVA 90X995MM - 48727;;UN;0;0
MC-9172;ADESIVO ETIQUETA LION CLIMA (10252);;UN;0;0
MC-9926;ADESIVO LION CLIMA CUIDADO RISCOS DE CHOQUE ELETRICO ;;UN;0;0
MC-9928;ADESIVO LION CLIMA AVISO DE GARANTIA 115x33MM (12826);;UN;0;0
MC-9923;ADESIVO LION CLIMA LOGO RESINADO (12818);;UN;0;0
MC-9929;ADESIVO LION CLIMA CUIDADO PROTEÇÃO 90x51MM (12827);;UN;0;0
MC-9927;ADESIVO LION CLIMA ATENCAO 220V MONOFASICO 90x51MM (12825);;UN;0;0
MC-1298;ADESIVO CUIDADO FRÁGIL (2702);;UN;0;0
MC-8589;ADESIVO FAIXA LOGO LION POLI. (8203);;UN;0;0
MC-10369;ANEL ELASTICO E-8;;UN;0;0
MC-11585;ANEL ELASTICO I-35;;UN;0;0
MC-9332;MANCAL SFT-25 (25MM);;UN;0;0
MC-722;PINO ELASTICO 3X30;;UN;0;0
MC-768;ROLAMENTO 6201 DDU - 2ª LINHA;;UN;0;0
MC-799;ROLAMENTO 6202 DDU - 2ª LINHA;;UN;0;0
MC-769;ROLAMENTO 6203 DDU - 2ª LINHA;;UN;0;0
MC-1358;ROLAMENTO 6205 DDU - 2ª LINHA;;UN;0;0
MC-10069;ROLAMENTO LINEAR KH 2540;;UN;0;0
MC-13157;ROLAMENTO SK014 - 205 KRR#S35 (SEXTAVADO);;UN;0;0
MC-12750;ROLAMENTO 3205 2RS PISTA DUPLA;;UN;0;0
MC-625;ROLAMENTO 6201 DDU - 1ª LINHA;;UN;0;0
MC-1941;ROLAMENTO 608 ZZ  - 1ª LINHA;;UN;0;0
MC-9318;ROLAMENTO 6304 ZZ - 1ª LINHA;;UN;0;0
MC-13124;ROLAMENTO NJ-205 EC3;;UN;0;0
MC-8459;ROLAMENTO UCR 204 ;;UN;0;0
MC-9661;ROLAMENTO 6202 DDU - 1ª LINHA;;UN;0;0
MC-2858;ANEL ELASTICO E-12;;UN;0;0
MC-4169;ROLAMENTO 6205 DDU - 1ª LINHA;;UN;0;0
MC-8458;MANCAL NP 204;;UN;0;0
MC-11038;ROLAMENTO 2205 GC3 - (021106983);;UN;0;0
MC-10370;ANEL ELASTICO E-25;;UN;0;0
MC-10575;ANEL TRAVA RS 5 LM (DIM 6799 ARANHA);;UN;0;0
MC-11718;BLOCO PILLOW BLOCK FECHADO 25MM - LINEAR;;UN;0;0
MC-10790;ROLAMENTO 6305 DDU - 1ª LINHA SEM FOLGA;;UN;0;0
MC-13085;ROLAMENTO 6908 DDU - 1ª LINHA;;UN;0;0
MC-738;ANEL ELASTICO E-20;;UN;0;0
MC-626;ROLAMENTO 6301 DDU - 1ª LINHA;;UN;0;0
MC-8704;ANEL ELASTICO I-52;;UN;0;0
MC-8630;ANEL ELASTICO I-32;;UN;0;0
MC-9225;ROLAMENTO 6006 DDU - 2ª LINHA;;UN;0;0
MC-767;ANEL ELASTICO I-40;;UN;0;0
MC-739;ANEL ELASTICO E-23;;UN;0;0
MC-13018;ROLAMENTO 6003 DDU - 1ª LINHA;;UN;0;0
MC-10926;ROLAMENTO 6203 DDU - 1ª LINHA;;UN;0;0
MC-10217;ROLAMENTO 1304 - 1ª LINHA;;UN;0;0
MC-627;ROLAMENTO 6005 - 1ª LINHA;;UN;0;0
MC-12583;ANEL ELASTICO E-30;;UN;0;0
MC-11731;ANEL ELASTICO E-41;;UN;0;0
MC-8783;ANEL ELASTICO I-62;;UN;0;0
MC-10629;PARAF. ALLEN C/C R/I M6X16;;UN;0;0
MC-3185;BARRA ROSCADA 1/4'';;UN;0;0
MC-9720;BUCHA AMERICANA 5/16 X 20;;UN;0;0
MC-9244;PARAF. ALLEN ABAU. R/I 5/16''X1'' - Z/B;;UN;0;0
MC-12859;"PARAF. ALLEN C/C R/I 3/8''X 1 3/4""";;UN;0;0
MC-13238;PARAF. ALLEN C/C R/I M10X25;;UN;0;0
MC-910;PARAF. ALLEN C/C R/I M5X20;;UN;0;0
MC-13228;"PARAF. ALLEN C/C R/P 1/4""X2"" (CÓPIA)";;UN;0;0
MC-12646;PARAF. ALLEN C/C R/P M12X110 (D912);;UN;0;0
MC-12645;PARAF. ALLEN C/C R/P M12X130 (D912);;UN;0;0
MC-13218;PARAF. ALLEN C/CABECA R/I M16X45;;UN;0;0
MC-1990;PARAF. ALLEN CAB. CHATA 1/4''X60 (A.P);;UN;0;0
MC-10541;PARAF. ALLEN S/C R/I 1/4''X1/2'';;UN;0;0
MC-848;PARAF. ALLEN S/C R/I 5/16''X1 1/2'';;UN;0;0
MC-8967;"PARAF. ALLEN S/C R/I M6""X10MM";;UN;0;0
MC-12952;PARAF. FRANCES DE INOX 1/4X3/4;;UN;0;0
MC-10624;PARAF. FRANCES M10X40;;UN;0;0
MC-8903;PARAF. PHILIPS TP 1/4 X 40 ZB - 13MM ED ROSCA;;UN;0;0
MC-3536;PARAF. SEXT. R/I 1/4''X1 1/2'' *;;UN;0;0
MC-9571;PARAF. SEXT. R/P M12X150 Z/P;;UN;0;0
MC-3646;PARAF. SEXT. R/P M6X40 ZINCADO PRETO;;UN;0;0
MC-13219;PORCA PARLOK M16 ZINCADO PRETO;;UN;0;0
MC-6906;PORCA SEXT. 3/4'';;UN;0;0
MC-886;PARAF. ALLEN ABAU. R/I M6X25;;UN;0;0
MC-10994;PARAF. ALLEN C/C R/I M6X30 ;;UN;0;0
MC-12364;PARAF. ALLEN C/CHATA R/I M5X16;;UN;0;0
MC-12503;PARAF. ALLEN C/C R/I M4X20;;UN;0;0
MC-2365;PARAF. SEXT. R/I 3/8''X1 1/2'' ;;UN;0;0
MC-13424;PARAF. PHILIPS R/I M3 X 30;;UN;0;0
MC-12676;ARRUELA VEDACAO DE BORRACHA 5/16;;UN;0;0
MC-639;PARAF. ALLEN C/C R/I M8X20;;UN;0;0
MC-707;ARRUELA M10X25;;UN;0;0
MC-676;PARAF. ALLEN C/C R/I 3/16''X3/4'';;UN;0;0
MC-907;PARAF. ALLEN CAB. CHATA R/I M6X16;;UN;0;0
MC-9370;PARAF. SEXT. R/I 3/8''X4 1/2'' - ZINCADO PRETO;;UN;0;0
MC-11085;"PARAF. ALLEN C/C R/I 1/4""X1 1/4""";;UN;0;0
MC-703;PORCA PARLOK 5/16'' ZINCADA;;UN;0;0
MC-734;ARRUELA M6X18 ZINCADA PRETA;;UN;0;0
MC-829;ARRUELA 3/8'' LISA FUNILEIRO PRETO;;UN;0;0
MC-637;PORCA SEXT. 3/8'';;UN;0;0
MC-638;PORCA SEXT. M6;;UN;0;0
MC-13423;PARAF. PHILIPS R/I M3 X 16;;UN;0;0
MC-9559;PARAF. C/CHATA PHILIPS R/I 3,5X14;;UN;0;0
MC-10584;PARAF. ALLEN C/C R/P 5/16''X 3 1/2'' - Z/P;;UN;0;0
MC-10580;ARRUELA METRICA 10MM;;UN;0;0
MC-1470;ARRUELA M12 REFORÇADA ZINCADA PRETA;;UN;0;0
MC-11557;PARAF. SEXT. R/I 5/16''X2;;UN;0;0
MC-885;PARAF. ALLEN ABAU. R/I M6X30;;UN;0;0
MC-914;PARAF. ALLEN C/C R/P M8X40;;UN;0;0
MC-640;PARAF. ALLEN ABAU. R/I M8X20;;UN;0;0
MC-733;ARRUELA M6X13 ZINCADA PRETA;;UN;0;0
MC-668;PORCA SEXT. 1/8'';;UN;0;0
MC-11096;PARAF. ALLEN C/C R/I 3/8''X1 1/2'' ;;UN;0;0
MC-887;PARAF. ALLEN ABAU. R/I M6X16;;UN;0;0
MC-11558;PORCA SEXT. 5/16;;UN;0;0
MC-11645;PARAF. ALLEN C/C R/I M5X8;;UN;0;0
MC-11084;PARAF. ALLEN C/C R/P M6X70 ZINCADO PRETO;;UN;0;0
MC-11087;"PARAF. ALLEN C/C R/I 3/8""X1"" ";;UN;0;0
MC-9484;PARAF. SEXTAVADO 4,2X19 RI BROCANTE ;;UN;0;0
MC-12987;PARAF. ALLEN C/C R/I M5X14;;UN;0;0
MC-906;PARAF. ALLEN ABAU. R/I M6X10;;UN;0;0
MC-8429;PARAF. SEXTAVADO 4,2X13 R/I BROCANTE ;;UN;0;0
MC-671;PORCA PARLOK UNIF. 3/4'';;UN;0;0
MC-3659;PORCA SEXT. 1/2'' - 12 FIOS;;UN;0;0
MC-702;PORCA PARLOK 3/8'' ZINCADO PRETO (ALTA);;UN;0;0
MC-635;PORCA CALOTA M10 INOX;;UN;0;0
MC-708;ARRUELA M10 REFORÇADA ZINCADA PRETA;;UN;0;0
MC-10775;REBITE PLUSNUT CONICA TRIV M6;;UN;0;0
MC-1849;PARAF. PHILIPS 4,2X22 FUMÊ;;UN;0;0
MC-720;PARAF. PHILIPS R/P 4,0X35 (CHIPBOARD);;UN;0;0
MC-12381;PARAF. ALLEN C/C R/I M6X80;;UN;0;0
MC-10550;PARAF. ALLEN C/C R/P M8X90;;UN;0;0
MC-9257;PARAF. ALLEN C/C R/I 3/8''X1'' - Z/B;;UN;0;0
MC-674;PORCA PARLOCK M8;;UN;0;0
MC-742;PARAF. FENDA CAB. CHATA R/I 1/8''X3/4'' Z/P;;UN;0;0
MC-709;ARRUELA M8 REFORÇADA ZINCADO PRETO;;UN;0;0
MC-673;PORCA PARLOK M6 ZINCADA PRETA;;UN;0;0
MC-716;PARAF. SEXT. R/I 3/8''X3'' - ZINCADO PRETO;;UN;0;0
MC-11091;PARAF. ALLEN C/C R/P 3/8''X3'' - ZINCADO PRETO;;UN;0;0
MC-675;PARAF. ALLEN S/C R/I 5/16''X5/16'';;UN;0;0
MC-12495;PARAF. ALLEN C/C R/P M6X45;;UN;0;0
MC-645;PARAF. SEXT. R/P 5/16''X2 1/2'';;UN;0;0
MC-915;PARAF. ALLEN C/C R/I M8X25;;UN;0;0
MC-12494;PARAF. ALLEN C/C R/P M6X60;;UN;0;0
MC-12496;"PARAF. ALLEN C/C R/I 1/4""X2""";;UN;0;0
MC-880;PARAF. SEXT. R/I 3/8''X5'' - ZINCADO PRETO;;UN;0;0
MC-11347;PARAF. ALLEN C/C R/P 3/8''X2 1/2'';;UN;0;0
MC-677;PARAF. SEXT. R/I M6X50;;UN;0;0
MC-11098;PARAF. ALLEN C/C R/P 3/8''X6'' - ZINCADO PRETO;;UN;0;0
MC-713;PARAF. SEXT. R/I M8X100 ZINCADO PRETO;;UN;0;0
MC-8674;PARAF. SEXT. R/P 3/8''X2 1/2''*;;UN;0;0
MC-882;PARAF. SEXT. R/P M12X120;;UN;0;0
MC-10530;PARAF. ALLEN ABAU. R/I M8X40;;UN;0;0
MC-735;PORCA PARLOK M12 ZINCADO PRETO;;UN;0;0
MC-864;ARRUELA PLÁSTICA 41X26;;UN;0;0
MC-11094;PARAF. ALLEN C/C R/I 3/8''X 1 1/4'' ;;UN;0;0
MC-851;"PARAF. SEXT. R/I 3/8""X1"" ";;UN;0;0
MC-13199;PARAF. ALLEN ABAU. R/I M8X15 (PÉ DE VELA IMPORTADO) ;;UN;0;0
MC-10501;PARAF. ALLEN C/C R/P 1/4''X3'' - Z/P;;UN;0;0
MC-9085;PARAF. ALLEN C/C R/P M8X60;;UN;0;0
MC-647;PARAF. ALLEN S/C R/I 5/16''X1/2'' - ZINCADO PRETO;;UN;0;0
MC-10634;PARAF. ALLEN C/C R/P M6X50;;UN;0;0
MC-1547;"PARAF. ALLEN S/C R/I 5/16""X1""";;UN;0;0
MC-8034;PARAF. SEXT. R/I M8X60;;UN;0;0
MC-12296;PARAF. ALLEN C/C R/I M4X10;;UN;0;0
MC-11095;PARAF. ALLEN C/C R/P 3/8''X3 1/2'' ;;UN;0;0
MC-854;PARAF. SEXT. R/P 3/8''X2 3/4'' - ZINCADO PRETO*;;UN;0;0
MC-853;PARAF. SEXT. R/P 3/8''X2 1/4'' **;;UN;0;0
MC-10633;PARAF. ALLEN ABAU. R/I M6X40;;UN;0;0
MC-11446;PARAF. ALLEN C/C R/I M6X25;;UN;0;0
MC-10459;BARRA CHAVETA 6X6X500MM;;UN;0;0
MC-706;"ARRUELA 1/2"" REFORÇADA";;UN;0;0
MC-5613;PARAF. ALLEN R/P C/C M8X50**;;UN;0;0
MC-8930;PARAF. FENDA CAB. CHATA R/I 1/8''X1 1/2'';;UN;0;0
MC-908;PARAF. ALLEN CAB. CHATA R/I M6X10;;UN;0;0
MC-11621;"PARAF. ALLEN C/C R/P 5/16''X 3"" - Z/P";;UN;0;0
MC-679;PARAF. SEXT. R/I M8X20*;;UN;0;0
MC-732;ARRUELA M8X17;;UN;0;0
MC-12497;"PARAF. ALLEN C/C R/I 1/4""X2 1/2""";;UN;0;0
MC-11889;PARAF. ALLEN METRICO C/CIL R/I M4X10;;UN;0;0
MC-11430;PARAF. ALLEN C/C R/P 3/8''X4'';;UN;0;0
MC-9340;"PARAF. FENDA ABAU. R/I 5/16''X1 1/4""";;UN;0;0
MC-682;PARAF. SEXT. R/I M8X40;;UN;0;0
MC-672;PORCA PARLOK M10 ZINCADA PRETA;;UN;0;0
MC-13170;PARAF. PHILIPS R/P 4,5X60 (CHIPBOARD);;UN;0;0
MC-12982;PARAF. ALLEN C/C R/P M5X100 ;;UN;0;0
MC-9087;PARAF. ALLEN S/C R/I 5/16''X1/4'';;UN;0;0
MC-11101;PARAF. ALLEN C/C R/I M12X80 **;;UN;0;0
MC-741;PARAF. FENDA ABAU. R/I 3/16''X3/4'' ZINCADO PRETO;;UN;0;0
MC-717;PARAF. QUEBRA GALHO PEQUENO P/CABO DE ACO;;UN;0;0
MC-1936;PARAF. SEXT. R/P 3/8''X2'' - ZINCADO PRETO;;UN;0;0
MC-2713;PARAF. SEXT. R/P M12X80;;UN;0;0
MC-11018;PARAF. PHILIPS R/P 4,0X50 (CHIPBOARD);;UN;0;0
MC-1866;PORCA SEXT. M12;;UN;0;0
MC-11873;"PARAF. ALLEN S/C R/I 1/4""X2"" ";;UN;0;0
MC-801;ARRUELA 9/16'' DE PRESSÃO;;UN;0;0
MC-11348;PARAF. ALLEN C/C R/P 3/8''X2 3/4'' - ZINCADO PRETO;;UN;0;0
MC-705;PORCA PARLOK 3/16'';;UN;0;0
MC-11784;PARAF. ALLEN C/C R/P M8X70 ;;UN;0;0
MC-704;PORCA PARLOK 1/4'' ZINCADA;;UN;0;0
MC-912;PARAF. ALLEN C/C R/P 3/8''X2 1/4'';;UN;0;0
MC-827;ARRUELA 1/8'' LISA ZINCADA PRETA;;UN;0;0
MC-667;PORCA SEXT. 1/4'' ZINCADA PRETA;;UN;0;0
MC-12840;PARAF. ALLEN C/C R/P M8X80;;UN;0;0
MC-10371;BARRA CHAVETA 8X8X500MM;;UN;0;0
MC-884;PARAF. ALLEN CAB. CHATA R/P M6X40;;UN;0;0
MC-9158;"PARAF. SEXT. R/I 1/4""X1 1/4"" ZINCADO PRETO*";;UN;0;0
MC-1843;PARAF. SEXT. R/P M12X110;;UN;0;0
MC-12505;BUCHA AMERICANA 1/4 X 20MM;;UN;0;0
MC-678;PARAF. SEXT. R/P M8X50;;UN;0;0
MC-13171;PARAF. PHILIPS R/I 4,8 X 16;;UN;0;0
MC-9472;ARRUELA 1/4'' - INOX A2;;UN;0;0
MC-12744;PORCA SEXT. 1/4'' INOX;;UN;0;0
MC-8705;PORCA PARLOK M24 (PASSO DE 2);;UN;0;0
MC-8573;REBITE R616 - PRETO;;UN;0;0
MC-12740;PORCA PARLOK 1/4'' INOX;;UN;0;0
MC-9465;PARAF. SEXT. R/I 1/4''X5/8'' - INOX A2;;UN;0;0
MC-12746;"PORCA BORBOLETA 1/4"" INOX";;UN;0;0
MC-9475;PARAF. ALLEN CAB. CHATA R/I M6X16 - INOX A2;;UN;0;0
MC-12741;PORCA PARLOK 3/8'' ZINCADO PRETO INOX;;UN;0;0
MC-12742;PORCA PARLOK M6 INOX;;UN;0;0
MC-9474;PARAF. SEXT. R/I 3/8''X2 3/4'' - INOX A2;;UN;0;0
MC-12705;PORCA PARLOK M24 (PASSO DE 2) INOX;;UN;0;0
MC-9473;ARRUELA M10 - INOX A2;;UN;0;0
MC-8691;PARAF. SEXT. R/I 3/16X3/4 -BROCANTE+ARRUELA DE VEDACAO;;UN;0;0
MC-12743;PORCA PARLOK M8 INOX;;UN;0;0
MC-13235;REBITE R616 - CINZA;;UN;0;0
MC-9899;PARAF. SEXT. R/I M8X30 - INOX A2;;UN;0;0
MC-8484;"ARRUELA PRESSAO ZINCADA 1""";;UN;0;0
MC-9466;PARAF. SEXT. R/I M8X20 - INOX A2;;UN;0;0
MC-10318;ARRUELA 1/2 X 1 1/8 - INOX A2;;UN;0;0
MC-8483;"ARRUELA LISA 1"" x 2/12"" INOX";;UN;0;0
MC-12745;PORCA SEXT. 3/8'' INOX;;UN;0;0
MC-9471;PARAF. LENTILHA R/I 4,2X19 BROCANTE;;UN;0;0
MC-631;LONA X-4 E 2000 3130X480MM (ASSISTENCIA);;UN;0;0
MC-10495;CORREIA 755 K4;;UN;0;0
MC-8628;LONA X4 3130X500MM;;UN;0;0
MC-7033;TAPETE DE BORRACHA SQUAT/PÉLVICA (GRANDE);;UN;0;0
MC-630;LONA X-3 E LF 1600 2800X420MM;;UN;0;0
MC-653;CORREIA DE BORRACHA 685 2CV;;UN;0;0
MC-10458;LONA X-6 3230X580MM ;;UN;0;0
MC-12772;CORREIA POLY V  PJ-711=J280 / 8 8,0 - ELIPTICO;;UN;0;0
MC-10475;PISANTE DE BORRACHA LION;;UN;0;0
MC-11465;CORREIA DE BORRACHA 6PK 1275RNH GIR/ALT POLI V - BIKE 480;;UN;0;0
MC-9754;CORREIA DE BORRACHA 1325 - AX;;UN;0;0
MC-10532;TAPETE DE BORRACHA ESCADA;;UN;0;0
MC-12369;CORREIA POLY V 8 PJ 995 - BIKE ERGOMETRICA;;UN;0;0
MC-12062;CORREIA 6PK 1820;;UN;0;0
MC-11762;LONA FISIO 1660X410MM C/GUIA LATERAL KIDS;;UN;0;0
MC-10718;CORREIA AX-44;;UN;0;0
MC-10719;CORREIA AX-47;;UN;0;0
MC-11503;LONA FISIO 3190X800MM;;UN;0;0
MC-11788;CORREIA SINCRONIZADA 210L REXON (0,75POL);;UN;0;0
MC-13262;CORREIA DE BORRACHA 8PJ 1016 ;;UN;0;0
MC-11448;CORREIA A-66;;UN;0;0
MC-12232;CORREIA MV 4PK840 - ESTEIRA FISIO;;UN;0;0
MC-11103;PERFIL T ACABAMENTO 17MM PRETO  - CÓD. 0466 003 ;;UN;0;0
MC-2546;BORRACHA ESPONJOSA 20X10;;UN;0;0
MC-1732;BORRACHA PERFIL H SOL COD. 050 PR 60+-5;;UN;0;0
MC-13082;CORREIA POLY V 1428 J8 - BIKE LF 350;;UN;0;0
MC-11306;CORREIA A-47;;UN;0;0
MC-9849;CORREIA A-61;;UN;0;0
MC-11818;CORREIA A-67;;UN;0;0
MC-2151;BARRA BAGUETE 5/16''X5/16''#0,90;;UN;0;0
MC-1671;"CANTONEIRA 1 1/2""X1/8""";;UN;0;0
MC-1687;"CANTONEIRA 1 1/4""X1/8""";;UN;0;0
MC-1690;"CANTONEIRA 2""X3/16""";;UN;0;0
MC-1691;"CANTONEIRA 3/4""X1/8""";;UN;0;0
MC-1670;"CANTONEIRA 5/8""X1/8""";;UN;0;0
MC-10472;CARENAGEM ROTOM. LATERAL/ESQUERDA DA ESCADA;;UN;0;0
MC-10471;CARENAGEM ROTOM. LATERAL/DIREITA DA ESCADA;;UN;0;0
MC-9239;ACABAMENTO ROTOMOLDADO DA PEGADA X-3 2017;;UN;0;0
MC-789;CARENAGEM LF 200;;UN;0;0
MC-2385;CARENAGEM LF 300 CINZA ESCURO ;;UN;0;0
MC-13578;CARENAGEM ROTOM. LATERAL/DIREITA DA ESCADA SE-03;;UN;0;0
MC-13579;CARENAGEM ROTOM. LATERAL/ESQUERDA DA ESCADA SE-03 ;;UN;0;0
MC-10470;CARENAGEM ROTOMOLDADA FRONTAL DA ESCADA;;UN;0;0
MC-6832;CARENAGEM ROTOMOLDADA INFERIOR ESQUERDO - CLASSIC;;UN;0;0
MC-13580;CARENAGEM ROTOMOLDADA LATERAL DIREITO - LF 200D ;;UN;0;0
MC-13581;CARENAGEM ROTOMOLDADA LATERAL ESQUERDO - LF 200D;;UN;0;0
MC-8008;CARENAGEM ROTOMOLDADA MOTOR X3;;UN;0;0
MC-10154;CARENAGEM ROTOMOLDADA PAINEL DO ELIPTICO LF200;;UN;0;0
MC-6887;CARENAGEM SUPERIOR ROTOMOLDADA PRÓ;;UN;0;0
MC-8813;LB 23 CAREN. TAMPO SUPERIOR ABS TETO CÓD.383/23 - M.O.;;UN;0;0
MC-8811;LB 23 CUBA EM ABS CINZA CÓD.384/23 - M.O.;;UN;0;0
MC-8812;LB 23 FUNIL CLIMATIZADOR ABS TETO CÓD.385/23 - M.O.;;UN;0;0
MC-13494;PISANTE PLASTICO MENOR DA ESCADINHA;;UN;0;0
MC-9162;CARENAGEM LF-480 ROTOMOLDADA (ARREIO);;UN;0;0
MC-10397;CARENAGEM ROTOMOLDADA PAINEL DA ESCADA;;UN;0;0
MC-10436;CARENAGEM ROTOMOLDADA TRASEIRA X-6;;UN;0;0
MC-8503;PEDALEIRA (SAPATA) DO ELIPTICO LF260 - COD. 140;;UN;0;0
MC-10875;CARENAGEM PAINEL DA ESTEIRA X-4 GT;;UN;0;0
MC-10435;CARENAGEM ROTOMOLDADA MOTOR X-6;;UN;0;0
MC-10598;CARENAGEM ROTOMOLDADA ACAB. TRASEIRO DO SIMULADOR ;;UN;0;0
MC-9163;CARENAGEM LF-480 CAPA DA CORRENTE ROTOMOLDADA;;UN;0;0
MC-10427;CARENAGEM PAINEL DA ESTEIRA X-6;;UN;0;0
MC-10877;CARENAGEM ROTOMOLDADA TRASEIRA X-4 GT;;UN;0;0
MC-12371;CARENAGEM LF 450 LATERAL DIREITA DIANTEIRA;;UN;0;0
MC-12372;CARENAGEM LF 450 LATERAL ESQUERDA DIANTEIRA;;UN;0;0
MC-10876;CARENAGEM ROTOMOLDADA MOTOR X-4 GT;;UN;0;0
MC-12376;CARENAGEM ASSENTO BIKE LF 450;;UN;0;0
MC-12374;CARENAGEM PAINEL BIKE LF 450;;UN;0;0
MC-11520;CARENAGEM ROTOMOLDADA TRASEIRA X-3 GT;;UN;0;0
MC-12209;CARENAGEM INJETADA ARTICULACAO SIMULADOR ELIPTICO;;UN;0;0
MC-10597;CARENAGEM ROTOMOLDADA CENTRAL DO SIMULADOR ELIPTICO;;UN;0;0
MC-8355;PERFIL APOIO LATERAL 100 X 1335MM CÓD.03429061335 (ESTRIBO);;UN;0;0
MC-12370;CARENAGEM LF 450 LATERAL DIREITA TRASEIRA;;UN;0;0
MC-12373;CARENAGEM LF 450 LATERAL ESQUERDA TRASEIRA;;UN;0;0
MC-10402;PISANTE PLASTICO MAIOR DA ESCADA (1,210 KG);;UN;0;0
MC-10729;PERFIL LATERAL DA COLUNA X-6 1250MM - TEC441 PR900;;UN;0;0
MC-10596;CARENAGEM ROTOMOLDADA FRONTAL DO SIMULADOR ELIPTICO;;UN;0;0
MC-11519;CARENAGEM ROTOMOLDADA MOTOR X-3 GT ;;UN;0;0
MC-9321;PERFIL PARACHOQUE PRETO 1640MM;;UN;0;0
MC-12375;CARENAGEM ENCOSTO BIKE LF 450;;UN;0;0
MC-10503;PERFIL TAPA CANAL DO ESTRIBO 12MM X 1710MM;;UN;0;0
MC-11518;CARENAGEM PAINEL DA ESTEIRA X-3 GT;;UN;0;0
MC-10403;PISANTE PLASTICO MENOR DA ESCADA (0,650 KG);;UN;0;0
MC-12989;CARENAGEM ESTEIRA KIDS LADO DIRETO;;UN;0;0
MC-12990;CARENAGEM ESTEIRA KIDS LADO ESQUERDO;;UN;0;0
MC-10835;PERFIL TAPA CANAL 12MM X 1250MM ;;UN;0;0
MC-10461;PERFIL APOIO LATERAL 1710MM CÓD.04369061710 (ESTRIBO);;UN;0;0
MC-10429;ACABAMENTO BRACO DE ESTEIRA ESQUERDO X-6;;UN;0;0
MC-10428;ACABAMENTO BRACO DE ESTEIRA DIREITA X-6;;UN;0;0
MC-8356;PERFIL TAPA CANAL 12MM X 1335MM CÓD.03439061335;;UN;0;0
MC-11812;CARENAGEM ROTOMOLDADA MOTOR NEW CYCLE;;UN;0;0
MC-9605;ACABAMENTO DO PERFIL PRETO 1640MM (TAPA CANAL);;UN;0;0
MC-13080;CARENAGEM DIREITA BIKE LF 350;;UN;0;0
MC-13081;CARENAGEM ESQUERDA BIKE LF 350;;UN;0;0
MC-11025;CARENAGEM ROTOMOLDADA AIR BIKE L/D;;UN;0;0
MC-11026;CARENAGEM ROTOMOLDADA AIR BIKE L/E;;UN;0;0
MC-12357;CARENAGEM ROTOMOLDADA RAMPA ESTEIRA FISIO;;UN;0;0
MC-12361;CARENAGEM ROTOMOLDADA TRASEIRA ESTEIRA FISIO;;UN;0;0
MC-8909;CARENAGEM ROTOMOLDADA LB 8 - CINZA;;UN;0;0
MC-8881;LB 18 CUBA EM ABS CZ CÓD.391 - M.O.;;UN;0;0
MC-8880;LB 18 FRONTAL ABS CZ CÓD.390 - M.O.;;UN;0;0
MC-8882;LB 18 TAMPO EM ABS CZ CÓD.389 - M.O.;;UN;0;0
MC-8638;LB 26 FRONTAL DO CLIMATIZADOR ABS CINZA MEDIO (355-26) - M.O.;;UN;0;0
MC-8498;LB 40/60 CUBA BASE DO CLIMATIZADOR EM ABS CINZA (354-40) - M.O.;;UN;0;0
MC-8637;LB 26 CUBA BASE DO CLIMATIZADOR ABS CINZA MEDIO (354-26) - ;;UN;0;0
MC-8640;LB 26 CAREN. TAMPO DO CLIMATIZADOR ABS CINZA MEDIO (356-26) -;;UN;0;0
MC-8497;LB 40/60 CAREN. TAMPO DO CLIMATIZADOR EM ABS CINZA (356-40) - ;;UN;0;0
MC-10434;LB 60 FRONTAL DO CLIMATIZADOR EM ABS CINZA  - M.O.;;UN;0;0
MC-8499;LB 40 FRONTAL DO CLIMATIZADOR EM ABS CINZA (355-40) - M.O.;;UN;0;0
MC-10119;CHAPA DE ALUMINIO LISA 1200-H14 1065x349x1,50MM (MOLDURA ;;UN;0;0
MC-12543;CHAPA DE ALUMINIO LISA 1200-H14 1260x450x1,50;;UN;0;0
MC-12707;TRILHO STANLEY 2.00MM X 60 X 50 #14 COMP. 3000MM;;UN;0;0
MC-12708;RODIZIO STANLEY DUPLO;;UN;0;0
MC-8898;CHAPA DE INOX 1250 X 3000 X 2,0 - AISI 304 NATURAL - PVC LASER;;UN;0;0
MC-9109;CHAPA LF 1006 A36 3.000X1.500 #1,20MM*;;UN;0;0
MC-4366;CHAPA LQ A36 3.000X1.200 #3/16'' - 1020 - (4,75MM) ;;UN;0;0
MC-4370;"CHAPA LQ A36 3.000X1.200 #3/8"" - 1020 - (9,50MM)";;UN;0;0
MC-9779;GRELHA SIMPLES ECONOMICA 1010X1010 CINZA ESCURO;;UN;0;0
MC-11745;GRELHA SIMPLES ECONOMICA 560X560 ALETAS LARGA ALUMINIO;;UN;0;0
MC-8482;REBITE ALUMINIO K-516;;UN;0;0
MC-8392;"RODIZIO C/BASE GIRATORIA 312NP 3""";;UN;0;0
MC-8393;"RODIZIO RODILINE B. FIXA 312 NP 3"" PR";;UN;0;0
MC-10421;GRELHA SIMPLES ECONOMICA 1330X1330 CINZA ESCURO;;UN;0;0
MC-9778;GRELHA SIMPLES ECONOMICA 1200X1200 CINZA ESCURO;;UN;0;0
MC-8359;COLMEIA 600X150X1200MM C/MITEDGE;;UN;0;0
MC-10418;COLMEIA 100X600X750MM C/MITEDGE;;UN;0;0
MC-8360;COLMEIA 600X150X1500MM C/MITEDGE;;UN;0;0
MC-11498;COLMEIA 600X150X1075MM C/MITEDGE ;;UN;0;0
MC-8767;POLIA ALUMINIO 330 A1 CUBO LONGO;;UN;0;0
MC-12537;CHICOTE LIGACAO FREQUENCIA INCL. ENCONDER PEDALEIRA ;;UN;0;0
MC-12536;CHICOTE DE ALIMEN SENSOR EMERGENCIA REABILITACAO - ;;UN;0;0
MC-11508;DISPOSITIVO DE CONTROLE ENCODER INCREMENTAL DIGITAL - MRI ;;UN;0;0
MC-8245;CHICOTE LIGACAO PAINEL E FONTE - MRI CÓD.FWCLF-M03-001;;UN;0;0
MC-1371;FIO COM PINO 3X2,50X3MTS;;UN;0;0
MC-11423;PLACA FWU500 HAND GRIP RS232 ESCADA - FWU500-HRSI-001;;UN;0;0
MC-13284;CABO LIGAÇÃO DE TECLADO AGEON - 034-0106;;UN;0;0
MC-13281;CABO MANGA FLEX 2X24AWG PCF2-02 - 034-0104;;UN;0;0
MC-13234;CABO MANGA FLEX 8VIAS 22AWG PRETO;;UN;0;0
MC-13595;CABO PP 3X2,5 500V;;UN;0;0
MC-13282;CHICOTE BATIMENTO AGEON - 034-0107;;UN;0;0
MC-6788;CHICOTE BATIMENTO CARDÍACO 250/260;;UN;0;0
MC-9219;CHICOTE BATIMENTO CARDÍACO LF-220 (PAINEL CÓD. 8962);;UN;0;0
MC-13283;CHICOTE BOTAO EMERGENCIA - AGEON 034-0105;;UN;0;0
MC-9220;CHICOTE DE ALIMENTAÇÃO PAINEL LF-220 (PAINEL CÓD. 8962);;UN;0;0
MC-6791;CHICOTE DO PAINEL/SENSOR LF 200;;UN;0;0
MC-13340;CHICOTE HAND GRIP E PEGA ALONGAMENTO SERIE 2507 2 VIAS - ;;UN;0;0
MC-13552;CHICOTE INVERSOR AGEON IEX70 ENTRADA DE EMERGENCIA - ;;UN;0;0
MC-13346;CHICOTE INVERSOR CFW300 MOLEX 4 VIAS- FWCINV-013;;UN;0;0
MC-13553;CHICOTE LIGACAO PAINEL MICRO FIT 8 VIAS ENTRADA DE ;;UN;0;0
MC-13313;CHICOTE PARA PONTEIRA CPX077 VELOCIDADE - MRI CÓD.FWCLT-;;UN;0;0
MC-13314;CHICOTE PARA PONTEIRA CPX077 VELOCIDADE - MRI CÓD.FWCLT-;;UN;0;0
MC-13172;ESPAGUETE RETRATIL 20MM PRETO (TERMORETRATIL);;UN;0;0
MC-10699;ESPAGUETE RETRATIL 6MM PRETO (TERMORETRATIL);;UN;0;0
MC-3112;FIO PRETO 2,5 FLEX;;UN;0;0
MC-13350;FONTE BIVOLT 9V 1A PLUG P4 POSITIVO CENTRAL - FWFOBIV - ;;UN;0;0
MC-12383;FONTE BIVOLT 9V 1A PLUG P4 POSITIVO CENTRAL - FWFOBIV - ;;UN;0;0
MC-6288;FONTE X-4 E X-3 FW153-003 - MRI CÓD.FWF153-003;;UN;0;0
MC-13395;KIT ADAPTAÇÃO PAINEL NOVO LF200 (UNIVERSAL);;UN;0;0
MC-9670;MICRO CHAVE FIM DE CURSO PALHETA LONGA+ROLDANA - ;;UN;0;0
MC-13280;PAINEL X-4 - AGEON - 021-0873;;UN;0;0
MC-12248;PEGA HAND 92MM MRI CÓD.FWDVPH-001;;UN;0;0
MC-12193;PEGA HAND CHAPA MRI CÓD.FWDVPH-005;;UN;0;0
MC-698;PILHA PEQUENA AA 1,5V R6;;UN;0;0
MC-9424;PLACA FW153 FONTE PAINEL - MRI CÓD.FWF153-001;;UN;0;0
MC-10932;PLACA FW209 5 JANELAS X-5 G1 (COM INCLINACAO) HAND GRIP ;;UN;0;0
MC-13256;PLACA FW209 5 JANELAS X-5 G2 HAND GRIP AZUL - MRI ;;UN;0;0
MC-13551;PLACA FW222 5 JANELAS HAND GRIP BRANCO ESCADA - FWP222-;;UN;0;0
MC-13605;PLACA FW222 6 JANELAS (COM INCLINACAO) HAND GRIP AZUL - MRI ;;UN;0;0
MC-12382;PLACA FW226 6 JANELAS HAND GRIP AZUL - MRI CÓD.FWP226-HAZ-;;UN;0;0
MC-12338;PLACA FWP266 6 JANELAS HAND GRIP AZUL BIKE - FWP266-HAZ-001;;UN;0;0
MC-6289;PLACA PAINEL X-3 MOD. NOVO FW200 - MRI CÓD.FWP200-HVM-007;;UN;0;0
MC-13125;PONTEIRA COM HAND GRIP 2 TECLAS DE START STOP LADO ;;UN;0;0
MC-13126;PONTEIRA COM HAND GRIP 2 TECLAS DE START STOP LADO ;;UN;0;0
MC-10398;PONTEIRA COM HAND GRIP 2 TECLAS DIREITO - MRI CÓD.FWDVCH-;;UN;0;0
MC-10400;PONTEIRA COM HAND GRIP 2 TECLAS ESQUERDO - MRI ;;UN;0;0
MC-13279;TECLADO 13 TECLAS - AGEON - 021-0871;;UN;0;0
MC-13571;TECLADO PBD X-3 - COD. 035-0976;;UN;0;0
MC-1463;"TERMINAL 1/4"" OLHAL 6MM";;UN;0;0
MC-12906;TERMINAL PRE ISOLADO MACHO 1,5-2,5MM AZUL;;UN;0;0
MC-11772;TIMER MULTIFUNCIONAL CN48 ;;UN;0;0
MC-12783;BARRAMENTO TERRA 10 FUROS PARA PARAFUSO(VERDE);;UN;0;0
MC-8246;CHICOTE INVERSOR CFW10 2 VIAS - MRI CÓD.FWCINV-012;;UN;0;0
MC-12785;DISJUNTOR DIN 2 X 25A CURVA B;;UN;0;0
MC-13390;"TELA DISPLAY 9.7"" SEM PROGRAMAÇÃO P10768V97I-T30A - DISPLAY ";;UN;0;0
MC-12088;PLACA FW140 MOTOR DC BOMBA SILICONE - MRI CÓD.FWF140-007;;UN;0;0
MC-12499;FONTE 24V PARA INCLINACAO - MRI CÓD. FWFCHV-004;;UN;0;0
MC-12560;CHICOTE ATERRAMENTO PLACA - MRI - FWCDV-019;;UN;0;0
MC-13011;SENSOR INDUT. QUADR. DS 5MM PNP IQ17-5DPA 10-30VCC ;;UN;0;0
MC-10812;CHICOTE PONTEIRA COM HAND GRIP ESCADA - MRI CÓD.FWCBOT-;;UN;0;0
MC-9742;TERMINAL FEMEA 1.5-2.5MM TOTALMENTE ISOLADO AZUL;;UN;0;0
MC-12953;CABO FLEX. 1 FIOS 2,5MM (VERDE);;UN;0;0
MC-13006;RELE CCA DE MOVIMENTO ZERO RMZ-820 24VCC;;UN;0;0
MC-9422;PEGA HAND GRIP 92MM - MRI CÓD.FWDVPH-001;;UN;0;0
MC-8247;CHICOTE DE ALIMEN. CHAVE INVERSOR - MRI CÓD.FWCEE-015;;UN;0;0
MC-9769;CHICOTE INVERSOR CFW10 MOLEX 4 VIAS - MRI CÓD.CFWCINV-001A;;UN;0;0
MC-10479;CHICOTE LIGACAO PAINEL MICRO FIT 8 VIAS - MRI CÓD.FWCLF-M04-;;UN;0;0
MC-9563;CHICOTE LIGACAO FERQ. E INCLINACAO - MRI CÓD.FWCLFI-M01-001A;;UN;0;0
MC-10934;CABO FLEX 4 FIOS 1,5MM (300/500V);;UN;0;0
MC-10572;TECLADO X-5/X-6 FW159 14 TECLAS 12X12X8,5 - MRI CÓD. FWT159-;;UN;0;0
MC-8243;CHICOTE HAND GRIP E PEGA - MRI CÓD.FWCBAT-H-001**;;UN;0;0
MC-8493;CABO FLEXIVEL 1,0MM - VERDE;;UN;0;0
MC-13180;CHICOTE DE ALIMEN. CHAVE INVERSOR - MRI CÓD.FWCEE-016;;UN;0;0
MC-12671;CABO FLEXIVELSILICONE 2,5MM 200 BRANCO;;UN;0;0
MC-11835;CONTATOR MINI WEG AUX. JZC4-31 220V 3NA + 1NF ;;UN;0;0
MC-11771;FONTE CHAVEADA 110/220V - 24V - 500W - 21A;;UN;0;0
MC-12384;BATERIA LI-ON AA (ICR14500) 3,7V 700MAH;;UN;0;0
MC-9217;MOTORZINHO DO PAINEL LF-220 (PAINEL CÓD. 8962);;UN;0;0
MC-12256;CABO FLEXIVEL 1,0MM - PRETO;;UN;0;0
MC-9418;CHICOTE INVERSOR CFW10 MICRO FIT 6 VIAS - MRI CÓD.FWCLF-;;UN;0;0
MC-12342;CHICOTE ALIMENTACAO PAINEL CONECTOR J4 REV1 - FWCBE-J4-;;UN;0;0
MC-8751;TERMINAL PRE ISOLADO TIPO PINO TPP 0,50 A 1,5MM;;UN;0;0
MC-8673;TRILHO P/ MONTAGEM DIM 1MT;;UN;0;0
MC-8442;PRENSA CABO BSP 3/8 STECK/LUKMA (PG11);;UN;0;0
MC-10576;BOTAO EMERGENCIA COGUMELO PULSADOR 1NA;;UN;0;0
MC-12339;FREIO GERADOR 242MM UNIDIRECIONAL PARA BICICLETA - ;;UN;0;0
MC-10549;TERMINAL PINO 4-6MM AMARELO REF:243022 SEM GTIN;;UN;0;0
MC-11668;"TELA DISPLAY 9.7"" ESTEIRA REABILITACAO COM DRIVE+CABO ";;UN;0;0
MC-10258;CHICOTE BOTAO EMERGENCIA - MRI CÓD.FWCBOT-010;;UN;0;0
MC-13500;PLACA FW222 5 JANELAS REAB INCLINACAO - FWP222-HAZI-002;;UN;0;0
MC-689;BOTÃO LIGA/DESLIGA;;UN;0;0
MC-10478;CHICOTE INVERSOR CFW300 - MRI CÓD.FWCLF-C300-001;;UN;0;0
MC-11449;PEDALEIRA THK-8012 SEM CAPA PEQUENA - COD.05781;;UN;0;0
MC-13129;FONTE ESCADA FW153 BIVOLT 12V 24V - MRI CÓD.FWFO153-002;;UN;0;0
MC-10477;CHICOTE HAND GRIP E PEGA MICRO - MRI CÓD.FWCBAT-H-004 ;;UN;0;0
MC-10180;PLACA DO TECLADO FW159 13 TECLAS MENOR 12X12X8,5 - MRI ;;UN;0;0
MC-11504;CHICOTE INVERSOR CFW300 MOLEX 5 VIAS - MRI CÓD.CFWCINV-011;;UN;0;0
MC-9218;CHICOTE DE VELOCIDADE LF-220 (PAINEL CÓD. 8962);;UN;0;0
MC-10961;TERMINAL MACHO 1.5-2.5MM TOTALMENTE ISOLADO AZUL ;;UN;0;0
MC-9135;TERMINAL OLHAL 5MM AZUL;;UN;0;0
MC-9352;ABRACADEIRA TWISTE - KLB-450A-RT;;UN;0;0
MC-9567;PLACA FW209 6 JANELAS (COM INCLINACAO) HAND GRIP AZUL - MRI ;;UN;0;0
MC-10983;PLACA FWU500 HAND GRIP RS232 INCLINAÇÃO - FWU500-HRSI-001;;UN;0;0
MC-13400;PLACA FW153 FONTE PAINEL - MRI CÓD.FWFO153-001;;UN;0;0
MC-8416;CABO FLEXIVEL PRETO 2,5MM;;UN;0;0
MC-12901;CHICOTE BICICLETA ELIPTICO FREIO GERADOR SERIE 2507 ;;UN;0;0
MC-8090;CONECTOR EM BARRA PARA FIO DE 1MM ;;UN;0;0
MC-12341;PLACA FONTE PARA FREIO GERADOR 201B - FWFOGER-201B;;UN;0;0
MC-12242;PLACA FW226 6 JANELAS HAND GRIP AZUL BIKE - 450 - FWP226-HAZ-;;UN;0;0
MC-10482;PLACA FW209 5 JANELAS HAND GRIP AZUL - MRI CÓD.FWP222-HAZ-;;UN;0;0
MC-11303;SENSOR MAGNETICO PARA MONITOR MUSCULACAO - MRI FWDVSE-;;UN;0;0
MC-10483;TECLADO FW159 12 TECLAS 12X12X8,5 - MRI CÓD. FWT159-12F-001 - ;;UN;0;0
MC-13201;CABO MANGA FLEX 3VIAS 22AWG PADRAO SENSOR - ;;UN;0;0
MC-11507;CHICOTE LIGACAO CONECTOR MIKE 3 VIAS E MOLEX 3VIAS - MRI ;;UN;0;0
MC-11505;CHICOTE LIGACAO CONECTOR MIKE 5 VIAS E MIOLEX 5 VIAS - MRI ;;UN;0;0
MC-10573;CHICOTE LIGACAO PAINEL MICRO FIT 6 VIAS - MRI CÓD.FWCLF-M04-;;UN;0;0
MC-10098;BOTAO DE EMERGENCIA N/A N/F RETANGULAR- MRI CÓD.FWDVCH-;;UN;0;0
MC-11627;PLACA FWU500 HAND GRIP RS232 INCLINAÇÃO NEW CYCLE - ;;UN;0;0
MC-8717;ORGANIZADOR FIO ESPIRAL 1/2 PRETO;;UN;0;0
MC-5207;PLACA PAINEL X-4 MOD. 2011 FW215 5 JANELAS - MRI CÓD.FWP215-;;UN;0;0
MC-1248;IMÃ 4000 GAUS 30X20X10 ND BLOCK COATING NI SXI;;UN;0;0
MC-1972;TERMINAL FORQUILHA 1,5X2,5 - AZUL;;UN;0;0
MC-11840;TERMINAL PRE ISOLADO TIPO FORQUILHA TPP 1,50 A 2,5MM AZUL;;UN;0;0
MC-12781;FREIO GERADOR 242MM UNIDIRECIONAL PARA ELIPTICO - ;;UN;0;0
MC-13333;CHICOTE BICICLETA ELIPTICO FREIO MAGNETICO PARA CONSOLE - ;;UN;0;0
MC-13332;CONSOLE FW346 HAND GRIP AZUL GABINETE PLASTICO ;;UN;0;0
MC-13334;FWMTGB-001 - MOTOR DE TRACAO PARA FREIO MAGNETICO - ;;UN;0;0
MC-13010;MINIDISJUNTOR MDWP-C6-2 (DIN 2 X 06A);;UN;0;0
MC-12465;SENSOR  ATIVO IR15 MINI - COD. A2924;;UN;0;0
MC-8844;PLACA PAINEL X-3 MOD.SEM PROGRAMA 5 JANELAS (X3 - GT)- MRI ;;UN;0;0
MC-12672;TERMINAL MACHO 6,3 P FIXAÇAO 45 ETE7011;;UN;0;0
MC-12538;CHICOTE EMERGENCIA SENSOR ESTEIRA REAB. FWCBOT-026;;UN;0;0
MC-1461;IMÃ DE SENSOR FERRITE BLOCO 30X10X7;;UN;0;0
MC-11304;IMÃ REDONDO DIAM.17MM/ESP 8MM - MRI COD.FWDVIM-001;;UN;0;0
MC-12309;CONSOLE FW306 DISPLAY C/POTENCIOMETRO LINEAR - ;;UN;0;0
MC-9425;PLACA FW222 6 JANELAS (SEM INCLINACAO) HAND GRIP AZUL - MRI ;;UN;0;0
MC-11506;CHICOTE PARA PEDALEIRA CONECTOR MIKE 5 VIAS - MRI ;;UN;0;0
MC-13032;CHICOTE LIGACAO CONECTOR MICRO FIT 6 VIAS PEDALEIRA SEM ;;UN;0;0
MC-11134;PAINEL AIR BIKE - CONTADOR FITNESS;;UN;0;0
MC-12312;CHICOTE LIGACAO FW401 E FONTE CHAVEADA - MRI CÓD.FWCLT-;;UN;0;0
MC-10586;CABO FLEX.2 FIOS 0,75MM ;;UN;0;0
MC-12933;CHICOTE ENTRADA DE ENERGIA FONTE E MOTOR FWCEE-;;UN;0;0
MC-10700;ESPAGUETE RETRATIL 4MM PRETO (TERMORETRATIL);;UN;0;0
MC-12932;PLACA FW401 CPU CONTROLADOR DE MOTOR DC 24V - CÓD. ;;UN;0;0
MC-10982;PLACA FWU500 HAND GRIP RS232 PLANA - FWU500-HRSP-002;;UN;0;0
MC-7938;TERMINAL ELETR PRE-ISOL OLHAL 10 MM (4 a 6MM) AMARELO;;UN;0;0
MC-1396;ELIMINADOR DE PILHAS;;UN;0;0
MC-13471;PONTEIRA COM HAND GRIP 185MM ARREDONDADO COM ETIQUETA ;;UN;0;0
MC-13472;PONTEIRA COM HAND GRIP 185MM ARREDONDADO COM ETIQUETA ;;UN;0;0
MC-11286;BOTOEIRA YQA1-61K 2+1;;UN;0;0
MC-12936;CONECTOR MACHO PARA FIO COM PINO;;UN;0;0
MC-12935;FIO COM PINO 3X2,50X2,50 MTS MC 180° 20A + FM IEC PT;;UN;0;0
MC-11469;CHICOTE EXTENSOR BOTOEIRA ESCADA FISIO - FWCBOT-015;;UN;0;0
MC-2593;HAND GRIP FOLHA LF 200;;UN;0;0
MC-7713;CABO FLEX.2 FIOS 01,5MM;;UN;0;0
MC-9448;CONTROLE REMOTO - AGEON C/10 TECLAS+PILHAS AAA;;UN;0;0
MC-9878;ESPAGUETE 10MM - ROLO C/50 METROS - PRETO ;;UN;0;0
MC-8081;SENSOR DE NÍVEL ICOS LA16M-40;;UN;0;0
MC-8088;PRENSA CABO 3/4;;UN;0;0
MC-7473;CABO FLEX.3 FIOS 02,5MM;;UN;0;0
MC-9509;TERMINAL PRE ISOLADO FEMEA 4-6MM AMARELO;;UN;0;0
MC-11786;POLIA SINCRONIZADA 19L075/6F;;UN;0;0
MC-11287;FIXADOR TENSOR KF 233-D (GRAMPO);;UN;0;0
MC-9525;POLIA ALUMINIO 300 A1 F.25,5 FIX - PADRAO;;UN;0;0
MC-8921;BUCHA DA ALETA;;UN;0;0
MC-11148;POLIA ALUMINIO 350 A1 F.25,5 FIX - PADRAO**;;UN;0;0
MC-12298;PADRAO POLIA DE ALUMINIO 300 6 CANAIS PK F. FIX.(USINADA);;UN;0;0
MC-11787;POLIA SINCRONIZADA 24L075/6F ;;UN;0;0
MC-13003;CATRACA RODA LIVRE ESCADA (22 DENTES) TODA ESFERA;;UN;0;0
MC-12288;CARRINHO PARA GUIA LINEAR COM ABAS - XYZ20R**;;UN;0;0
MC-12487;GUIA LINEAR 1490MM X 20MM - XYZ-A-20R*;;UN;0;0
MC-12359;GUIA LINEAR 420MM X 15MM - LSH15 RL-N-D;;UN;0;0
MC-12360;CARRINHO PARA GUIA LINEAR S/ABAS - LSH15BK-HN-N-D-M4;;UN;0;0
MC-12287;GUIA LINEAR 2000MM X 20MM XYZ-A-20R;;UN;0;0
MC-12925;CARRINHO PARA GUIA LINEAR COM ABAS+RESERVATORIO- XYZ20E;;UN;0;0
MC-12559;GUIA LINEAR 330MM X 15MM - LSH15 RL-N-D;;UN;0;0
MC-12586;GUIA LINEAR 230MM X 15MM - LSH15 RL-N-D ;;UN;0;0
MC-8269;ABRACADEIRA NYLON 400 X 7,2MM - PRETA*;;UN;0;0
MC-656;COLA BASTAO QUENTE 12 x 280mm;;UN;0;0
MC-929;COLA LOCTITE 50GR FIXAÇÃO 638 (VERDE);;UN;0;0
MC-930;COLA LOCTITE 50GR TRAVA ROSCA 277 (VERMELHO);;UN;0;0
MC-894;"DISCO DE CORTE 5""";;UN;0;0
MC-11253;GRAXA BRANCA SPRAY 300ML ;;UN;0;0
MC-2027;PEDRA DA RETÍFICA C-177;;UN;0;0
MC-1771;PINCEL 2'' ;;UN;0;0
MC-11952;RODA ACABAMENTO MANTA 100X100X19,1 A120 FINA - POLIMENTO;;UN;0;0
MC-833;SERRA MANUAL STARRET;;UN;0;0
MC-1607;SERRA PB 27X8-12 GX2,90 MT;;UN;0;0
MC-661;VASELINA MULTIUSO PASTA 3 KG;;UN;0;0
MC-10381;FITA 3M TRANSPARENTE 9472LE 686MMX164MT;;UN;0;0
MC-3286;PONTA COM LIXA 25MM;;UN;0;0
MC-1770;"DISCO DE ACABAMENTO 4"" D.FLAP 115X22 #60 SNAPPER";;UN;0;0
MC-12450;PINCEL 1'' ;;UN;0;0
MC-889;LIXA DE FERRO 80;;UN;0;0
MC-1604;LIXA ESPONJA ABRASIVA 98X120 AMARELO 100 FINO SIA**;;UN;0;0
MC-10261;SERINGA DESC 20ML BD;;UN;0;0
MC-931;COLA ADESIVO INSTANTÂNEO 20GR (TEK BOND 793);;UN;0;0
MC-3675;FITA DUPLA FACE 20MMX20MT;;UN;0;0
MC-12240;DISCO DE CORTE 4.1/2;;UN;0;0
MC-10938;SERRA FITA BI-ALFA PROFILE - 27X0,9X8/11X2,83M - INOX;;UN;0;0
MC-8298;DESMOLDANTE LN - ULTRALUB (SILICONE SPRAY);;UN;0;0
MC-1558;FITA ISOLANTE 18MMX20MT;;UN;0;0
MC-8396;FITA VEDA ROSCA 18MM X 10M ;;UN;0;0
MC-13317;"DISCO DE LIXA 120 - 5""";;UN;0;0
MC-11272;LIMPA CONTATO AEROSSOL 300 ML;;UN;0;0
MC-1705;SUPER LUB 300ML;;UN;0;0
MC-2014;ABRACADEIRA NYLON 150 x 4,8MM - PRETA ;;UN;0;0
MC-7986;SERRA DE FITA 1/4 X 6SK X 4,12;;UN;0;0
MC-7998;ABRACADEIRA NYLON 100X2,5MM - PRETA;;UN;0;0
MC-1663;DISCO DE DESBASTE PHF46 115X6,4X22,2 ALCAR;;UN;0;0
MC-2045;LIXA D' ÁGUA 180;;UN;0;0
MC-10251;LIXA D' ÁGUA GR-1200;;UN;0;0
MC-10981;BICO CONTATO 1,0 MM INOX;;UN;0;0
MC-12670;BICO TUBO DE CONTATO 0,9X30X10X M8;;UN;0;0
MC-10170;BICO DE CORTE 45A P/PM45 220941 HYPERTHERM**;;UN;0;0
MC-4209;ELETROLDO P/ PLASMA 120926;;UN;0;0
MC-8022;BICO DE CORTE 85A P\PM85 220816 HYPERTHERM;;UN;0;0
MC-5575;BOCAL CON SBME450/470 D16,0  ME516**;;UN;0;0
MC-7280;ELETROLDO P/PLASMA P/PM65/85/105 220842;;UN;0;0
MC-7281;BOCAL METAL ARR. P/PM65/85 220818 HYPERTHERM;;UN;0;0
MC-9237;ARAME DE SOLDA PARA INOX 1MM;;UN;0;0
MC-7703;BICO CONT E-CU 0,9 M8 10X30MM BZ 140.0214-10**;;UN;0;0
MC-7208;BICO PLASMA ESAB/ELET S30-S45 LPH35 0,8 MED PR110;;UN;0;0
MC-12002;BICO TUBO DE CONTATO CUCRZR M8 0,8MM ;;UN;0;0
MC-11500;BICO TUBO DE CONTATO CUCRZR M8 1MM;;UN;0;0
MC-11501;DIFUSOR DE GAS ROSCA QUADRADA 48,5MM P/M8;;UN;0;0
MC-3196;MARCADOR AMARELO INDUSTRIAL;;UN;0;0
MC-11499;PONTEIRA UNICA CURTA 15,00MM RQ 3P - 15X66MM;;UN;0;0
MC-5576;PORTA BOCAL / BICO SBME450/470 LR TM 406**;;UN;0;0
MC-1545;ARAME DE SOLDA MIG 0,8;;UN;0;0
MC-693;ANTI RESPINGO LÍQUIDO PARA SOLDA 5 LT;;UN;0;0
MC-662;ANTI RESPINGO EM PASTA 350G;;UN;0;0
MC-7663;MAXLUB SPECIAL CUT 500 ML;;UN;0;0
MC-8181;OLEO HIDRAULICO 68 UNIX WAY - BB20 (TORNO CNC);;UN;0;0
MC-13267;OLEO SAW (5KGS) A0735 - SERRA FITA;;UN;0;0
MC-8011;PARAFUSO SR 14-560;;UN;0;0
MC-8004;PASTILHA DGR 3102C-6D IC808;;UN;0;0
MC-8005;PASTILHA INTERC. MD 254LG-16CC01-130 1135 (INTERNA);;UN;0;0
MC-6608;PASTILHA INTERC. MD 254RG-16CC01-130 1135 (EXTERNA);;UN;0;0
MC-6344;PASTILHA INTERC. MD 266RG16VM01A002M 1125;;UN;0;0
MC-12040;PASTILHA QD-NG-0300-0002-CM 1125;;UN;0;0
MC-12252;PASTILHA TCMT 110304 PM 4425 ;;UN;0;0
MC-8079;PASTILHA TNMG 160404-TF IC8250;;UN;0;0
MC-11989;PASTILHA TNMG 160408-PM 4425;;UN;0;0
MC-9205;PASTILHA TNMG 220408-TF IC907;;UN;0;0
MC-5866;PASTILHA WNMA 080408 IC5010;;UN;0;0
MC-9430;PASTILHA WNMG 080408-MM 2025;;UN;0;0
MC-2466;PASTILHA TNMG 220412-GN IC8250;;UN;0;0
MC-10443;BOBINA ISOMANTA 1500MM X 100 MT X 2MM ;;UN;0;0
MC-6936;CAIXA DE PAPELAO 03 250X150X300;;UN;0;0
MC-8661;CAIXA DE PAPELAO BARRILHA FERRO 4 UNIDADES (VALENTIM);;UN;0;0
MC-13038;CAIXA DE PAPELAO TRILHO GAIOLA REABILITACAO ;;UN;0;0
MC-12001;EPS ESTEIRA KIDS 415X215X95 T1 (ISOPOR) - MENOR;;UN;0;0
MC-12082;FITA ADESIVA CUIDADO FRAGIL 50MM X 100MTS;;UN;0;0
MC-11271;FITA CREPE - 48 x 50 MT**;;UN;0;0
MC-13090;ISOMANTA PLC 1500MM X 1200 MT X 20MM ;;UN;0;0
MC-783;PLASTICO BOLHA;;UN;0;0
MC-11521;SACO PLASTICO 0,30x0,45x0,08;;UN;0;0
MC-2872;SACO PLASTICO 0,60X1,0X0,15;;UN;0;0
MC-10995;SACO PLASTICO 12X12X1,3 CM (SACO CANGURU COD. 3772);;UN;0;0
MC-11732;SACO PLASTICO 35x45x0,08;;UN;0;0
MC-6681;SACO PLASTICO 90X90X0,15;;UN;0;0
MC-11061;CANTONEIRA DE PAPELAO 100X50X4X1700;;UN;0;0
MC-2382;PLÁSTICO FILME STRECH (20 X 40 T1);;UN;0;0
MC-761;COBERTA PARATI CASAL 1,90 X 1,60 - 350G/M²;;UN;0;0
MC-7805;FITILHO PP F-20 MARRON L-;;UN;0;0
MC-1774;BOBINA DE PAPELAO 1,20 CM - ROLO;;UN;0;0
MC-10939;SACO PLASTICO 25X35X0,8;;UN;0;0
MC-3776;CORDA TRANÇADA 8MM;;UN;0;0
MC-13074;EPS ESTEIRA KIDS 872X255X90 T3F (ISOPOR KIDS);;UN;0;0
MC-13075;EPS ESTEIRA KIDS 872X255X85 T3F (ISOPOR KIDS);;UN;0;0
MC-807;FITA CREPE - 18 x 50MT;;UN;0;0
MC-808;FITA ADESIVA 50MM X 100MTS;;UN;0;0
MC-13073;CAIXA DE PAPELAO - ESTEIRA PORTATIL KIDS C/CARENAGEM;;UN;0;0
MC-11764;MANTA FOLHA TEFLON 40X60X0,13 SEM ADESIVO;;UN;0;0
MC-8566;PLÁSTICO FILME STRECH 500MM;;UN;0;0
MC-8480;SACO PLASTICO 1,00X1,30X0,08;;UN;0;0
MC-8078;SACO PLASTICO 1,50 X 1,80 X 0,15 ;;UN;0;0
MC-13030;CAIXA DE PAPELAO BARRA PEQUENA GAIOLA REABILITACAO ;;UN;0;0
MC-13029;CAIXA DE PAPELAO CABIDE/GAIOLA REABILITACAO;;UN;0;0
MC-13016;CAIXA DE PAPELAO GAIOLA REABILITACAO;;UN;0;0
MC-13037;CAIXA DE PAPELAO BARRA MEDIA GAIOLA REABILITACAO;;UN;0;0
MC-2873;SACO PLASTICO 70X87X0,15;;UN;0;0
MC-10183;CAIXA DE PAPELAO 385X255X160 - ORGANIZADORA;;UN;0;0
MC-10068;ABAFADOR CONCHA;;UN;0;0
MC-788;AVENTAL DE COURO;;UN;0;0
MC-2041;AVENTAL DE COURO COM MANGA;;UN;0;0
MC-8138;AVENTAL LONA VERDE BVK;;UN;0;0
MC-4081;BOTINA N° 35;;UN;0;0
MC-11887;BOTINA N° 36;;UN;0;0
MC-1890;BOTINA N° 39;;UN;0;0
MC-1572;BOTINA N° 41;;UN;0;0
MC-1710;BOTINA N° 42;;UN;0;0
MC-8237;BOTINA Nº 44;;UN;0;0
MC-12206;BOTINA Nº 45;;UN;0;0
MC-11169;CREME PROTETOR PELE GRUPO 3 PLUS;;UN;0;0
MC-13147;LENTE PROTECAO INT. 97 X 46,5 X 0,8MM P/MASCARA SUMIG ;;UN;0;0
MC-3526;LUVA ASPERA PARA BANHO/FOSFATO PVC PUNHO LONGO 75 CM;;UN;0;0
MC-12521;MASCARA DE SOLDA AUTOMATICA CARBOGRAFITE;;UN;0;0
MC-12241;NOBUCK COTURNO 42;;UN;0;0
MC-10211;OCULOS CASTOR S/LENTE;;UN;0;0
MC-12021;OCULOS INCOLOR MOD. PANDA ;;UN;0;0
MC-11706;OCULOS VERDE ESCURO PARA  SOLDA (JAGUAR) - KALIPSO;;UN;0;0
MC-12963;PLACA MASCARA DE SOLDA CARBOGRAFITE 88X116;;UN;0;0
MC-12348;PROTEÇÃO PARA JUGULAR - CAMPER;;UN;0;0
MC-12991;PROTETOR DE MASC. DE SOLDA (VIDRO INCOLOR) 117X90X3;;UN;0;0
MC-726;PROTETOR DE MÁSCARA DE SOLDA N° 10;;UN;0;0
MC-6578;PROTETOR DE MÁSCARA DE SOLDA N° 12;;UN;0;0
MC-12027;PROTETOR FACIAL INCOLOR;;UN;0;0
MC-1549;PROTETOR SOLAR FPS 60 (SUNLAU);;UN;0;0
MC-11433;RESPIRADOR DESC. PFF2 V.O. COM VALVULA COM CARVAO ATIVO;;UN;0;0
MC-13594;SAPATO EVA Nº40;;UN;0;0
MC-12018;VISOR MASCARA DE SOLDA - PLACA EXTERNA 776000 I;;UN;0;0
MC-2032;MACACAO DE PINTURA;;UN;0;0
MC-3931;LUVA VAQUETA;;UN;0;0
MC-888;PROTETOR AUDITIVO - K10;;UN;0;0
MC-10785;LUVA MULTITATO Nº 7;;UN;0;0
MC-13146;LENTE PROTECAO EXT. 115 X 99,5 X 1,0MM P/MASCARA SUMIG ;;UN;0;0
MC-10708;LUVA MULTITATO Nº8;;UN;0;0
MC-9199;LUVA NITRILICA T9 - G ;;UN;0;0
MC-2566;OCULOS INCOLOR JAGUAR (KALIPSO);;UN;0;0
MC-1636;BOTINA N° 43;;UN;0;0
MC-11480;LUVA DE RASPA PUNHO 15 (SOLDA) - ESQUERDA SEM FORRO;;UN;0;0
MC-7746;PASTA LAVAR AS MAOS 1KG;;UN;0;0
MC-12351;LUVA MULTITATO Nº6;;UN;0;0
MC-859;LUVA DE PINTURA PEGASUS;;UN;0;0
MC-8136;FILTRO P/MASCARA SERIE 6000 - PRE-FILTRO P/POEIRAS;;UN;0;0
MC-4769;BOTINA N° 38;;UN;0;0
MC-1637;BOTINA N° 40;;UN;0;0
MC-11436;LUVA DE RASPA TERMICA (FORNO);;UN;0;0
MC-1709;OCULOS PARA SOLDA TON 3 - VERDE MEDIO (JAGUAR);;UN;0;0
MC-11237;RESPIRADOR SEMI-FACIAL SERIE 6200;;UN;0;0
MC-13066;AVENTAL BIDIN/NAPA CORES DIVERSAR 1.20 X 0.70;;UN;0;0
MC-861;OCULOS RÃ COM VÁLVULA;;UN;0;0
MC-5034;MANGOTE C/ VELCRO;;UN;0;0
MC-12622;ABAFADOR CONCHA DE ACOPLAR CAPACETE;;UN;0;0
MC-725;GORRO DE SOLDA;;UN;0;0
MC-12262;CAPACETE DE PROTEÇÃO C/ CARNEIRA (PLASTICO);;UN;0;0
MC-9426;CHAVE ALLEN 3/16;;UN;0;0
MC-2134;CHAVE ALLEN 4MM;;UN;0;0
MC-10045;CHAVE ALLEN 5MM;;UN;0;0
MC-8129;LIMA CILINDRICA 10MM ABAULADA;;UN;0;0
MC-5473;LIMA CILINDRICA 10MM RETA;;UN;0;0
MC-834;LIMA PARA ENXADA 8''/200MM - COOPER;;UN;0;0
MC-12192;PONTA ALLEN 5/16 (100MM) ;;UN;0;0
MC-11791;PONTA BIT ALLEN 1/4 X 3/16 (75 MM);;UN;0;0
MC-10539;PONTA BIT ALLEN 1/4 X 4MM (50 MM) ;;UN;0;0
MC-12998;PONTA BIT ALLEN 1/4 X 5/16 (33MM;;UN;0;0
MC-11483;PONTA BIT ALLEN 1/4 X 5/16 (75MM) ;;UN;0;0
MC-5088;PONTA BIT PHILIPS 1/4 X 25,4 ;;UN;0;0
MC-10067;SOQUETE MAGNETICO 1/4 MM;;UN;0;0
MC-11882;SOQUETE MAGNETICO 6 MM;;UN;0;0
MC-9129;ADAPTADOR P\SOQ.1/4 x 1/2;;UN;0;0
MC-862;LÂMINA PARA ESTILETE 18MM;;UN;0;0
MC-926;ESTILETE SNAP OFF 18MM DE ALUMINIO CÓD.105236;;UN;0;0
MC-11796;PONTA BIT ALLEN 1/4 X 6MM (75 MM);;UN;0;0
MC-3029;PONTA BIT ALLEN 1/4 X 3/16 (50 MM);;UN;0;0
MC-11496;PONTA BIT ALLEN 1/4 X 5MM (50 MM);;UN;0;0
MC-7577;ADAPTADOR P\SOQ.1/4 50MM ENC.1\4 SEXT. E26862E IFLA;;UN;0;0
MC-11819;SERRA PARA TICO-TICO BU38-20;;UN;0;0
MC-1808;CHAVE ALLEN 6MM;;UN;0;0
MC-12207;ESTILETE SNAP OFF 25 MM DE ALUMINIO;;UN;0;0
MC-1813;TRENA 5 MT;;UN;0;0
MC-11793;PONTA BIT ALLEN 1/4 X 5/16 (75 MM);;UN;0;0
MC-12052;LÂMINA PARA ESTILETE 25 MM;;UN;0;0
MC-1596;SOLDA ESTANHO ROLO 500GRS;;UN;0;0
MC-10591;PONTA BIT ALLEN 1/4 X 5/16 (25MM) ;;UN;0;0
MC-7215;SOQUETE 1/2 X 10MM ESTR. 013109 013109;;UN;0;0
MC-7827;ALONGADOR 619773-02;;UN;0;0
MC-1907;TRENA 3 MT ;;UN;0;0
MC-2860;PONTA BIT ALLEN 1/4 X 4MM (25MM);;UN;0;0
MC-12868;PONTA BIT ALLEN 1/4 X 3MM (50 MM);;UN;0;0
MC-7217;SOQUETE 1/2 X 9/16 SEXT. 013060 013060;;UN;0;0
MC-9496;CHAVE ALLEN 5/16;;UN;0;0
MC-11795;PONTA BIT ALLEN 1/4 X 6MM (50 MM);;UN;0;0
MC-10810;PONTA BIT ALLEN 1/4 X 5MM (25 MM);;UN;0;0
MC-4273;"BROCA 1/8""";;UN;0;0
MC-8186;BROCA 10,8MM;;UN;0;0
MC-12354;BROCA 13,2 MM;;UN;0;0
MC-4343;BROCA 17MM;;UN;0;0
MC-5732;BROCA 20MM;;UN;0;0
MC-11912;BROCA 24 mm;;UN;0;0
MC-8141;BROCA 2MM;;UN;0;0
MC-4271;"BROCA 3/8""";;UN;0;0
MC-3511;BROCA 3MM;;UN;0;0
MC-3027;BROCA 4,5MM;;UN;0;0
MC-10252;BROCA 5,7MM;;UN;0;0
MC-9527;BROCA 5,8MM;;UN;0;0
MC-2572;BROCA 5MM;;UN;0;0
MC-6668;BROCA 6,2MM;;UN;0;0
MC-3103;BROCA 8,2MM;;UN;0;0
MC-8745;FRESA TOPO 5MM;;UN;0;0
MC-6087;"MACHO 1/2"" 12 FIOS BSW (CANAL HELICOIDAL)";;UN;0;0
MC-6085;"MACHO 1/4"" (CANAL HELICOIDAL)";;UN;0;0
MC-8117;"MACHO 1/4"" (PONTA HELICOIDAL)";;UN;0;0
MC-2783;MACHO 9/16''X20 - DIREITO;;UN;0;0
MC-5628;MACHO M12X1,75 (CANAL HELICOIDAL);;UN;0;0
MC-10662;MACHO MAQ. 3/16'' BSW 2183 (PONTA HELICOIDAL) ;;UN;0;0
MC-2700;MACHO MAQ. 3/8'' BSW 290/1 - PONTA HELICOIDAL;;UN;0;0
MC-1258;MACHO MAQ. 3/8'' BSW 290/2 CANAL HELICOIDAL - E5333/8;;UN;0;0
MC-2701;MACHO MAQ. 5/16'' 290/2(CANAL HELICOIDAL);;UN;0;0
MC-3057;MACHO MAQ. M10X1,50 - 250/1 (PONT. HELICOIDAL);;UN;0;0
MC-3055;MACHO MAQ. M12X1,25 (PONTA HELICOIDAL);;UN;0;0
MC-10962;MACHO MAQ. M20X1,5 - D2181 5NO9;;UN;0;0
MC-12663;MACHO MAQ. M4X0.7 - INOX - CANAL HELICOIDAL;;UN;0;0
MC-3056;MACHO MAQ. M5X0,80 250/2 (PONTA HELICOIDAL);;UN;0;0
MC-956;MACHO MAQ. M6X1,00 250/1 - PONTA HELICOIDAL;;UN;0;0
MC-5469;BROCA 6,5MM;;UN;0;0
MC-2580;BROCA 10MM;;UN;0;0
MC-3026;BROCA 6,8MM;;UN;0;0
MC-9339;BROCA 7MM;;UN;0;0
MC-5471;BROCA 7,5MM;;UN;0;0
MC-2719;BROCA 12MM;;UN;0;0
MC-3024;BROCA 11MM;;UN;0;0
MC-4272;BROCA 4MM;;UN;0;0
MC-6667;BROCA 14MM;;UN;0;0
MC-3025;BROCA 8MM;;UN;0;0
MC-13453;MACHO MAQ. M4X0.7 - PONTA HELICOIDAL;;UN;0;0
MC-2029;MACHO MAQ. 5/16'' BSW 290/1(PONTA HELICOIDAL);;UN;0;0
MC-4804;BROCA 15MM;;UN;0;0
MC-2703;MACHO MAQ. M8X1,25 250/1 (PONTA HELICOIDAL);;UN;0;0
MC-5292;BROCA 3,5MM;;UN;0;0
MC-8287;MACHO MAQ. M6X1,00  - CANAL HELICOIDAL;;UN;0;0
MC-2702;MACHO MAQ. M5X0,80 250/1 (CANAL HELICOIDAL);;UN;0;0
MC-2582;BROCA 9MM;;UN;0;0
MC-10088;MACHO MAQ. M8X1,00 (CANAL HELICOIDAL);;UN;0;0
MC-5470;BROCA 5,5MM;;UN;0;0
MC-12307;MACHO MAQ. M4X0.7 - CANAL HELICOIDAL**;;UN;0;0
MC-11045;BROCA 19MM;;UN;0;0
MC-2579;BROCA 6MM;;UN;0;0
MC-4805;BROCA 4,2MM;;UN;0;0
MC-3592;BROCA 13MM;;UN;0;0
MC-2765;BROCA 9,5MM;;UN;0;0
MC-5231;MACHO MAQ. M8X1,25 (CANAL HELICOIDAL);;UN;0;0
MC-3023;BROCA 8,5MM;;UN;0;0
MC-5782;BROCA 11,5MM;;UN;0;0
MC-1643;FERRO CHATO 1 1/4'' #3/16'';;UN;0;0
MC-1585;"FERRO CHATO 1"" #1/4""";;UN;0;0
MC-1612;"FERRO CHATO 1"" #3/16""";;UN;0;0
MC-1587;"FERRO CHATO 2'' #1/4""";;UN;0;0
MC-5300;FERRO CHATO DE ALUMINIO 1 1/4''#1/8''X6.000MM;;UN;0;0
MC-8886;"FERRO CHATO DE ALUMINIO 1"" #1/8''X6.000MM";;UN;0;0
MC-1611;"FERRO CHATO 1"" #1/8""";;UN;0;0
MC-1609;"FERRO CHATO 3'' #1/4""";;UN;0;0
MC-1614;FERRO CHATO 1 1/2'' #3/8'';;UN;0;0
MC-9519;POLIA DE FERRO FUNDIDO 75 A1 - FURO 19;;UN;0;0
MC-9510;POLIA DE FERRO FUNDIDO 110 A1 - COM FURO 19MM;;UN;0;0
MC-9511;POLIA DE FERRO FUNDIDO 130 A1 - SEM FURO;;UN;0;0
MC-9481;POLIA DE FERRO FUNDIDO 90 A1 - COM FURO 19 CH. FIX.;;UN;0;0
MC-6342;GAS 20KG ;;UN;0;0
MC-2057;GAS A GRANEL GLP;;UN;0;0
MC-766;GAS AGA MIX 28;;UN;0;0
MC-12080;GAS ARCA 12 - 10M3 (INOX);;UN;0;0
MC-2050;OXIGENIO 10,0M3;;UN;0;0
MC-13311;MANGUEIRA CRISTAL 3/4 X 1,5MM;;UN;0;0
MC-8428;MANGUEIRA CRISTAL 3/4 X 2,00MM;;UN;0;0
MC-8055;MOTO BOMBA SUBMERSA SB 2000LTS 220V OEM COD.04020002;;UN;0;0
MC-8449;"TE INT. DE PVC 1/2""";;UN;0;0
MC-11554;BOMBA SUBMERSA AP 5200(3200 L/H) COLUNA 3,6MTS;;UN;0;0
MC-8423;"TUBO PVC 1/2"" - 20MM";;UN;0;0
MC-8304;MOTO BOMBA SUBMERSA SB 2700LTS 220V OEM - CÓD.04020010;;UN;0;0
MC-8376;ADAPTADOR C/ANEL VED.SOLD.20X1/2 ;;UN;0;0
MC-9611;GRADE UNIVERSAL SARLO BETTER FECHADA - CÓD.04000008;;UN;0;0
MC-11884;TORNEIRA BÓIA 1/2 - COD. 9620;;UN;0;0
MC-8381;"JOELHO DE PVC 90 1/2""";;UN;0;0
MC-8492;UNIAO 20MM;;UN;0;0
MC-8450;"LUVA LR 20MM X 1/2""";;UN;0;0
MC-9977;DIFUSOR PEQUENO - COD.9435 (RASTELO);;UN;0;0
MC-8607;REGISTRO ESF. PVC 20 X 1/2 SOLDAVEL;;UN;0;0
MC-9978;DIFUSOR PEQUENO - COD.9434 (ACABAMENTO TAMPA);;UN;0;0
MC-7845;ADAPTADOR CURTO 1/2X20MM TIGRE;;UN;0;0
MC-13583;QUEIMADOR A GAS ELCO  CB-VG 1.105 D3/4* 60HZ KN 3832004;;UN;0;0
MC-13208;STEP EVA 30 X 60CM;;UN;0;0
MC-7593;CHAPA DE MDF 2,75 X 1,90 X 25MM;;UN;0;0
MC-7144;DECK DE MDF X-4 1.330 X 720 X 25;;UN;0;0
MC-10432;DECK DE MDF X-6 1.365 X 690 X 25;;UN;0;0
MC-7088;DECK DE MDF X-3 1.160 X 645 X 20;;UN;0;0
MC-11454;DECK DA ESTEIRA FISIO;;UN;0;0
MC-7563;PANO PARA LIMPEZA ACE APC000236;;UN;0;0
MC-8341;MOTOR ELET. TRIFASICO 1CV 04 80 220/380 C/6 TERM 60HZ ;;UN;0;0
MC-9447;KIT INVERSOR DE FREQ. P/VARIACAO DE VELOC. AGEON - IRX PRO ;;UN;0;0
MC-11534;MOTOR ELET. TRIFASICO 3CV 04 90S/L 220 C/3 TERM 60HZ B3D ;;UN;0;0
MC-12377;MOTOR 80 4P 1,5CV 4S 60 3F 55 B3D-S HERCULES;;UN;0;0
MC-10455;CHICOTE IHM IRX-S APARELHO P/ACIONAMENTO E COMANDO(cabo ;;UN;0;0
MC-11438;MOTOR 2CV 4P L90S WFF2 - ESTEIRA FISIO;;UN;0;0
MC-10488;MOTOR ELETRICO TRIFASICO CA ROTOR 3CV 02 08 220V;;UN;0;0
MC-10872;RESISTOR DE FRENAGEM 39 OHMS 150 WATTS **;;UN;0;0
MC-12271;RESISTOR DE FRENAGEM 39 OHMS 500 WATTS;;UN;0;0
MC-10433;ATUADOR LINEAR C/MOTOR CC - 100W 24V (MOTOR DE INCLINAÇÃO) ;;UN;0;0
MC-11785;MOTOR-CORRENTE CONTINUA MCC-0,12 CV (090W) 24V (80/10M) ;;UN;0;0
MC-10738;MOTOFREIO 1CV 0408 220/380 C/6 TERM 60HZ TRIFASICO (WEG);;UN;0;0
MC-10437;INVERSOR CFW300 - CONVERSOR ELETRONICO PARA VARIACAO ;;UN;0;0
MC-12691;ACOPLAMENTO MANG. D10-21 PISTOLA PEM-X1 2322761 - WAGNER ;;UN;0;0
MC-12847;ANEIS ORING PEM X1 TE 2334341 - WAGNER ;;UN;0;0
MC-12692;BICO DIFUSOR PLANO PISTOLA PEM-X1 2321976 - WAGNER ;;UN;0;0
MC-12273;CAPA CONDUTRIZ VENTURI DA BOMBA PO PI-P1 PHX W - 0241476;;UN;0;0
MC-12621;CONECTOR DO RESERVATORIO DE PO DA BOMBA P1-P1 - WAGNER;;UN;0;0
MC-12850;DEFLETOR INT.PISTOLA  PEM-X1 2320488- WAGNER  ;;UN;0;0
MC-12846;ELEMENTO FILTRANTE PEM-X1 2320305 - WAGNER ;;UN;0;0
MC-12848;ENGATE TUBO AR PUNHO PISTOLA  PEM-X1 2321978 - WAGNER ;;UN;0;0
MC-9000;ESMALTE PRETO CADILAC - 18L - COD.500800;;UN;0;0
MC-12693;INSERTO DO BICO PLANO PISTOLA PEM-X1 2322529- WAGNER;;UN;0;0
MC-12272;PORCA DE FIXACAO VENTURI DA BOMBA PO PI-P1 PHX W - 0241466;;UN;0;0
MC-8120;RETARDADOR PARA LACA 900ML FARBEN;;UN;0;0
MC-12579;TINTA EM PÓ AMARELO BRILHANTE 25KGS 110C - A-3002**;;UN;0;0
MC-12561;TINTA EM PÓ BASE VERMELHO PANT 25KGS POLIESTER 187C/RAL ;;UN;0;0
MC-12407;TINTA EM PÓ ONIX 25KGS - COD. W-3049;;UN;0;0
MC-764;TINTA PRIMER UNIVERSAL CINZA ANJO 3,6LT;;UN;0;0
MC-13419;TINTA SPRAY PRIMER FUNDO CINZA 69957366620;;UN;0;0
MC-12690;TUBO DE PO DO CORPO PISTOLA PEM-X1 2324123 - WAGNER;;UN;0;0
MC-9177;THINNER 2900 ANJO - LATA 18 LT;;UN;0;0
MC-765;TINTA PRETO CADILAC ANJO 3,6LT LACA;;UN;0;0
MC-1174;TINTA EM PÓ PRETO TEXTURIZADO 25KG*;;UN;0;0
MC-12218;TINTA EM PÓ PRETO ALTO BRILHO (15KGS) W70048 COD.13722381;;UN;0;0
MC-10928;PRODUTO TX MD PRETO FOSCO BD;;UN;0;0
MC-12406;TINTA EM PÓ PRETO MICROTEXTURA 25KG. COD.P-3919 - ;;UN;0;0
MC-1574;TINTA SPRAY USO GERAL PRETO FOSCO ;;UN;0;0
MC-9103;TINTA LACA PRETO FOSCO 3,6lt FARBEN - COD.7818;;UN;0;0
MC-1573;TINTA SPRAY USO GERAL PRETO RÁPIDO BRILHO 280G;;UN;0;0
MC-3674;PRIMER 3M P-8250 940ML;;UN;0;0
MC-12604;TINTA EM PÓ PRATA SEMI BRILHO RAL 25KGS POLIESTER 9006 ;;UN;0;0
MC-4168;DILUENTE P/ PLÁSTISOL 80 TX;;UN;0;0
MC-11056;SAPATA 180X120 MM EXTERNA ELIPTICA PVC;;UN;0;0
MC-13497;"COIFA ACABAMENTO  1 1/2"" NBR - BORRACHA - CORRIMAO";;UN;0;0
MC-13496;"COIFA ACABAMENTO  1 1/2"" NBR - BORRACHA - SUPERIOR";;UN;0;0
MC-13495;"COIFA ACABAMENTO  2 1/2"" NBR - BORRACHA - PESCOÇO";;UN;0;0
MC-12095;ISOLADOR DE SILICONE W 1211 52X15MM S/ABA COD.1211;;UN;0;0
MC-12896;ISOLADOR DE SILICONE W 1277 INT. 55x15MM FECHADO ;;UN;0;0
MC-12999;ISOLADOR DE SILICONE W 1288 D-32X14MM INTERNO VERDE COD. ;;UN;0;0
MC-13001;ISOLADOR DE SILICONE W 1290 D-352X18MM INTERNO VERDE COD. ;;UN;0;0
MC-13000;ISOLADOR DE SILICONE W1289 D-32X10MM INTERNO VERMELHO ;;UN;0;0
MC-8577;PONTEIRA REDONDA 2 1/2 INTERNA RDR111538A;;UN;0;0
MC-753;RODA PVC 3'';;UN;0;0
MC-9002;PONTEIRA OBLONGA 77X40 INTERNA;;UN;0;0
MC-11440;CAPA DE BORRACHA PARA TECLADO DE ESTEIRA (QUADRADO) ;;UN;0;0
MC-10696;"COIFA ACABAMENTO 1 1/2 X 2"" NBR - BORRACHA - E201";;UN;0;0
MC-12077;"PONTEIRA INTERNA REDONDA COM ALETAS 3"" - RDR111072A";;UN;0;0
MC-868;PONTEIRA PVC 100X50 EXTERNA COM APOIO;;UN;0;0
MC-10474;PÉ NIVELADOR MIII PARF. 1/2''X50MM PVC - X6 - 12 FIOS;;UN;0;0
MC-771;PONTEIRA PLÁSTICA 50X50 INTERNA;;UN;0;0
MC-770;PONTEIRA PLÁSTICA 40X40 INTERNA;;UN;0;0
MC-4113;AMORTECEDOR DE DECK (ANTIGO);;UN;0;0
MC-898;PONTEIRA PVC OBLONGA 115X40 EXTERNA;;UN;0;0
MC-10469;PÉ NIVELADOR PARF. 3/8'' PVC - ESCADA;;UN;0;0
MC-9600;PONTEIRA OBLONGA 98X50 INTERNA;;UN;0;0
MC-781;BUCHA DE REDUÇÃO QUADRADA 50X50X150MM - C/TRAVA;;UN;0;0
MC-1337;PÉ DE BORRACHA ;;UN;0;0
MC-745;PONTEIRA PLÁSTICA DE ACABAMENTO 5/16''**;;UN;0;0
MC-11765;ALCA DE PLASTICO GRANDE ;;UN;0;0
MC-782;BUCHA DE REDUÇÃO QUADRADA 50X50X75MM - C/TRAVA;;UN;0;0
MC-10879;COIFA ACABAMENTO 13,5X7 NBR - G201;;UN;0;0
MC-10581;"MANOPLA PVC 1 1/4""X450MM";;UN;0;0
MC-1399;PÉ NIVELADOR 3/8'';;UN;0;0
MC-869;PONTEIRA DE BORRACHA 50X50 EXTERNA;;UN;0;0
MC-7204;MANOPLA PVC 250 X 1 1/4'';;UN;0;0
MC-10172;BATENTE TRAPEZIO;;UN;0;0
MC-10694;"COIFA ACABAMENTO 2 X 3"" NBR - BORRACHA - C201";;UN;0;0
MC-756;APOIO DE ANILHAS - EMBORRACHADO;;UN;0;0
MC-10991;COIFA ACABAMENTO / APOIO - BORRACHA (RETANGULAR) H201;;UN;0;0
MC-10695;"COIFA ACABAMENTO 1 1/2 X 1/2"" NBR - BORRACHA - D201";;UN;0;0
MC-903;"MANOPLA PVC 1""X250MM";;UN;0;0
MC-775;PONTEIRA PLÁSTICA DE ACABAMENTO 1/2'';;UN;0;0
MC-11728;PONTEIRA DO SUPORTE DUMBELL INJETADA;;UN;0;0
MC-9971;SUPORTE PARA BARRA - BASE REDONDA;;UN;0;0
MC-6718;PONTEIRA PVC 80X40 EXTERNA;;UN;0;0
MC-10692;COIFA ACABAMENTO COLUNA PRINCIPAL - BORRACHA - A201;;UN;0;0
MC-899;PONTEIRA PVC PISANTE 2'' EXTERNA;;UN;0;0
MC-8943;PONTEIRA OBLONGA 115X40 INTERNA;;UN;0;0
MC-870;PONTEIRA DE BORRACHA 3'' EXTERNA;;UN;0;0
MC-778;BOLA GRANDE DO CABO DE ACO ;;UN;0;0
MC-10693;"COIFA ACABAMENTO 1 1/2 X 3""  - BORRACHA - B201";;UN;0;0
MC-871;SAPATA DE BORRACHA 3'' EXTERNA*;;UN;0;0
MC-897;PONTEIRA PVC 2'' EXTERNA;;UN;0;0
MC-11641;PONTEIRA PVC PISANTE 2'' 1/2 EXTERNA ;;UN;0;0
MC-12385;BUCHA REDUCAO OBLONGO 77X40 / 50X30 - 150MM;;UN;0;0
MC-10891;PONTEIRA PLASTICA 4'' INTERNA SANFONADA ;;UN;0;0
MC-3368;PONTEIRA PLÁSTICA 7/8'' INTERNA;;UN;0;0
MC-6813;PONTEIRA PLÁSTICA 2'' INTERNA RDR201014A;;UN;0;0
MC-904;MANOPLA PVC 1 1/2''X220MM;;UN;0;0
MC-747;PONTEIRA PLÁSTICA 50X30 INTERNA ABAULADA;;UN;0;0
MC-746;PONTEIRA PLÁSTICA 1 1/4'' INTERNA ABAULADA;;UN;0;0
MC-4922;PONTEIRA PVC 80X40 INTERNA;;UN;0;0
MC-9097;RODA POLIPROPILENO 2'' (RODIZIO) - R 210 NP - CINZA E PRETO;;UN;0;0
MC-11324;AGUA DESMINERALIZADA;;UN;0;0
MC-12323;AZUL DE BROMOFENOL 100ML;;UN;0;0
MC-10330;ESM AZUL DEL REY LATA;;UN;0;0
MC-11878;FENOLFTALEINA;;UN;0;0
MC-9232;GEL DECAPANTE E PASSIVANTE 1,2KG - PARA INOX;;UN;0;0
MC-8310;GRAXA ALTA TEMPERATURA JET-LUB - OGH;;UN;0;0
MC-8277;HI-1013 ;;UN;0;0
MC-8239;HI-1040 ELEVADOR DE P.H LIQ. CÓD.08260**;;UN;0;0
MC-12293;HIDEOXI 36 - PRODUTO DO BANHO (50L) DECAPANTE SUFURICO;;UN;0;0
MC-11863;HIPROT OIL 445 - PRODUTO DO BANHO ;;UN;0;0
MC-12863;METILORANGE ;;UN;0;0
MC-10105;NAOH 0,1 N - 1L;;UN;0;0
MC-12710;OLEO GEAR VG 680 - GUIA LINEAR (20L);;UN;0;0
MC-6822;PRODUTO PARA BANHO HIPHOS 148 LIQ. 08043 ( 35 lts );;UN;0;0
MC-13357;ACELERADOR DREAM 091 L ;;UN;0;0
MC-13353;DECAPANTE SULFURICO DREAM 203;;UN;0;0
MC-13354;NEUTRALIZADOR DREAM 060 A/50;;UN;0;0
MC-11991;HI-1012 ;;UN;0;0
MC-8238;HI-1035 REDUTOR DE P.H LIQ. CÓD. 08259;;UN;0;0
MC-13356;FOSFATIZANTE DREAM 628;;UN;0;0
MC-8144;ACIDO SULFAMICO P.A;;UN;0;0
MC-13351;DESENGRAXANTE DREAM DS 191A;;UN;0;0
MC-13488;HCL 1,0 N - 1L - 2104 ;;UN;0;0
MC-7323;PAPEL UNIVERSAL PH LL00001;;UN;0;0
MC-13355;REFINADOR DREAM 497;;UN;0;0
MC-13352;TENSOATIVO DO DESENGRAXANTE DREAM DS 191 C;;UN;0;0
MC-13487;NAOH 1,0 N - 1L - 2103 D;;UN;0;0
MC-12016;HCL 0,1 N - 1L;;UN;0;0
MC-8261;HIFLOC 1009;;UN;0;0
MC-13603;DECAPANTE SULFURICO DREAM 206;;UN;0;0
MC-12433;GRAXA INTERSYNTH CHT 4-150 - BAT: 11802-24 - LINHA DE PINTURA ;;UN;0;0
MC-13387;INIBIDOR B-24;;UN;0;0
MC-1548;COLA ADESIVO AMAZONAS 13 15KG;;UN;0;0
MC-12923;COURVIN PRETO CAPOTA MARITIMA EMBORRACHADO - CÓD. ;;UN;0;0
MC-8160;LINHA 20 DE COSTURA PRETA;;UN;0;0
MC-12584;"MEIA ARGOLA ""D"" DE 1/4""X35MM - 1,00 T";;UN;0;0
MC-1369;ROLETE GRANDE - 500X130X64;;UN;0;0
MC-7447;ROLO EVA PR 25SH SEM ADES 10000X1400X4MM;;UN;0;0
MC-9442;TARUGO POLIPROPILENO 16MM X 3000MM PRETO;;UN;0;0
MC-3005;TARUGO POLIPROPILENO 20MMX3000MM PRETO*;;UN;0;0
MC-1863;TARUGO POLIPROPILENO 25MM PRETO;;UN;0;0
MC-2940;TARUGO POLIPROPILENO 30MM X 3000MM PRETO;;UN;0;0
MC-1864;TARUGO POLIPROPILENO 50MM X 3000MM PRETO;;UN;0;0
MC-10980;TARUGO POLIPROPILENO 60MM X 3000MM PRETO;;UN;0;0
MC-10078;TARUGO POLIPROPILENO 65MMX3000MM PRETO;;UN;0;0
MC-9868;TARUGO TECNIL 20MM (NYLON);;UN;0;0
MC-1749;"TREFILADO 2"" (50,8mm) - 1020";;UN;0;0
MC-1751;TREFILADO 25MM - 1020;;UN;0;0
MC-1753;"TREFILADO 3/4"" (19,05mm) - 1020";;UN;0;0
MC-3034;"TREFILADO 5/16"" (7,94mm) - 1020";;UN;0;0
MC-9102;TREFILADO DE ALUMINIO 1 1/2'' - 6351-T6;;UN;0;0
MC-7598;TUBO MECANICO 50 EXT X 25 INT;;UN;0;0
MC-1713;TUBO OBLONGO 77X40 #2,0 REBARBA REMOVIDA;;UN;0;0
MC-9974;TUBO OBLONGO 77X40 #2,65 REBARBA REMOVIDA;;UN;0;0
MC-9441;TUBO OBLONGO 98X50 #2,65 REBARBA REMOVIDA;;UN;0;0
MC-1703;TUBO QUADRADO 20X20 #2,0;;UN;0;0
MC-1621;TUBO QUADRADO 25X25 #0,90;;UN;0;0
MC-1762;TUBO QUADRADO 50x50 #2,25;;UN;0;0
MC-1722;TUBO QUADRADO 30X30 #2,0;;UN;0;0
MC-1726;TUBO QUADRADO 40X40 #1,90;;UN;0;0
MC-1831;"TUBO REDONDO 1 1/2"" #2,0 (38,10) REBARBA REMOVIDA";;UN;0;0
MC-2942;"TUBO REDONDO 1 1/2"" #3,0 (38,10) REBARBA REMOVIDA";;UN;0;0
MC-1623;"TUBO REDONDO 1 1/4"" #2,0 (31,75) REBARBA REMOVIDA";;UN;0;0
MC-10322;"TUBO REDONDO 1/2"" #0,90 (12,70)";;UN;0;0
MC-3104;"TUBO REDONDO 1/2"" #2,0 (12,70)";;UN;0;0
MC-1569;"TUBO REDONDO 2"" #2,0 (50,80) REBARBA REMOVIDA";;UN;0;0
MC-1628;"TUBO REDONDO 3"" #2,0 (76,20)";;UN;0;0
MC-2055;"TUBO REDONDO 3/4"" #2,25 (19,05)";;UN;0;0
MC-1697;"TUBO REDONDO 7/8"" #0,90 (22,22)";;UN;0;0
MC-2975;"TUBO REDONDO 5/8"" #0,90 (15,87)";;UN;0;0
MC-1626;"TUBO REDONDO 2"" #3,0 (50,80) - REBARBA REMOVIDA";;UN;0;0
MC-1725;TUBO RETANGULAR 100X40 #2,0;;UN;0;0
MC-2005;TUBO RETANGULAR 100X40 #3,0;;UN;0;0
MC-9975;TUBO RETANGULAR 100X50 #3,0;;UN;0;0
MC-11319;TUBO RETANGULAR 120X40 #2,00 ;;UN;0;0
MC-10489;TUBO RETANGULAR 150X50 #2,00;;UN;0;0
MC-1793;TUBO RETANGULAR 60X40 #2,0;;UN;0;0
MC-2110;TUBO RETANGULAR 80X40 #3,0;;UN;0;0
MC-9616;TUBO RETANGULAR DE INOX 50X30 #2,0 - AISI 304 - POLIDO;;UN;0;0
MC-1729;TUBO RETANGULAR 80X40 #2,0;;UN;0;0
MC-1757;TUBO RETANGULAR 100X50 #2,0*;;UN;0;0
MC-1792;TUBO RETANGULAR 70X50 #2,0;;UN;0;0
MC-1704;TUBO RETANGULAR 30X20 #2,0;;UN;0;0
MC-1823;"TUBO SCH 80X2"" (PAREDE GROSSA) (60,30 x 5,54mm)";;UN;0;0
MC-9727;BUCHA SUP. DE ANILHA 800MM (021105975);;UN;0;0
MC-13589;COROA 23 DENTES ESCADA SE03 - 1.410.23 FURO 19.7 ;;UN;0;0
MC-10707;COROA Ø181MM ESCADA (43 DENTES) (021106599);;UN;0;0
MC-13588;COROA Ø181MM ESCADA 1.40.43z FURO 25MM 18X4MM;;UN;0;0
MC-10387;COROA Ø234,4MM ESCADA (56 DENTES) (021106600);;UN;0;0
MC-10385;COROA Ø92,1MM ESCADA (21 DENTES) (021106598);;UN;0;0
MC-10388;COROA Ø250,6MM ESCADA (60 DENTES) (021106601);;UN;0;0
MC-13183;COROA Ø234,4MM ESCADA (56 DENTES) (021109759) - COM SENSOR;;UN;0;0
MC-11011;"CH. PÉ DE VELA AIR BIKE (LASER) #5/8"" (021106973)";;UN;0;0
MC-1199;TRAVA PARA CABO DE AÇO (021101192);;UN;0;0
MC-1225;ENGATE DO CABO DE AÇO (ALMX. I/II) (021101237);;UN;0;0
MC-12885;CAPA PLASTICA DE GUIA LINEAR - COD. T4029 ;;UN;0;0
MC-8788;FRETE;;UN;0;0
MC-13384;ADAPTADOR DE ALUMINIO MANG.1/4;;UN;0;0
MC-7812;GRAXA UNIVERSAL AZUL;;UN;0;0
